Time,Hour,Minute,Second,Air Temp [C],TAS [m/s],Pres Alt [m],.03mm,.05mm,.07mm,.09mm,.11mm,.13mm,.15mm,.17mm,.20mm,.24mm,.28mm,.32mm,.36mm,.40mm,.44mm,.48mm,.55mm,.65mm,.75mm,.85mm,.95mum,1.1mm,1.3mm,1.5mm,1.7mm,1.9mm,22.5mm,27.5mm
37620,10,27,0.16,5.4045,87.313,1344.8,2.90E+05,7.75E+05,6.44E+05,9.59E+05,5.46E+05,2.80E+05,1.56E+05,51800,0,8420,0,0,0,0,0,0,0,2950,0,0,0,0,0,0,0,0,0,0
37621,10,27,1.16,5.4068,87.351,1345.5,2.90E+05,3.96E+05,8.22E+05,7.10E+05,5.46E+05,3.67E+05,1.39E+05,69000,25600,0,8300,0,0,0,0,0,0,0,0,0,0,0,0,0,0,0,0,0
37622,10,27,2.16,5.379,87.63,1345.9,2.53E+05,4.49E+05,6.59E+05,9.91E+05,7.20E+05,4.53E+05,2.77E+05,86000,17000,0,8280,0,8060,0,0,0,0,0,0,0,0,0,0,0,0,0,0,0
37623,10,27,3.16,5.3476,87.865,1346.5,1.98E+05,4.83E+05,7.64E+05,8.47E+05,8.58E+05,4.87E+05,2.42E+05,34300,8480,8370,0,0,8030,7930,7830,0,0,0,0,0,0,0,0,0,0,0,0,0
37624,10,27,4.16,5.3605,87.871,1347.6,3.25E+05,5.01E+05,6.04E+05,8.64E+05,9.11E+05,7.83E+05,3.97E+05,1.03E+05,42400,0,0,8140,0,0,0,0,0,0,0,0,0,0,0,0,0,0,0,0
37625,10,27,5.16,5.3933,87.897,1348,3.25E+05,6.26E+05,5.86E+05,8.29E+05,8.93E+05,6.08E+05,3.80E+05,1.20E+05,50900,0,0,0,0,7930,7820,7730,3020,0,2850,0,0,0,1230,0,0,0,0,0
37626,10,27,6.16,5.3878,88.113,1348.7,1.80E+05,4.82E+05,5.32E+05,7.04E+05,7.86E+05,8.50E+05,2.76E+05,1.71E+05,8460,16700,8230,0,0,0,0,0,3020,0,0,0,0,0,0,0,0,0,0,0
37627,10,27,7.16,5.3857,88.189,1348.8,4.13E+05,6.42E+05,5.67E+05,9.49E+05,8.55E+05,5.89E+05,5.16E+05,2.22E+05,50700,16700,8220,16200,8010,7900,0,0,3010,0,0,0,0,0,0,0,0,0,0,0
37628,10,27,8.16,5.3388,88.564,1349.6,2.51E+05,4.09E+05,8.99E+05,8.05E+05,7.99E+05,8.63E+05,3.43E+05,2.04E+05,58900,8300,16400,0,15900,7870,7770,7670,0,0,0,0,0,0,0,0,0,0,0,0
37629,10,27,9.16,5.3333,88.424,1349.9,2.51E+05,5.16E+05,7.95E+05,7.36E+05,9.40E+05,8.64E+05,5.32E+05,2.04E+05,75900,0,16400,8090,7980,0,0,7680,3000,0,0,0,0,0,0,0,0,0,0,0
37630,10,27,10.16,5.2963,88.765,1350.3,3.21E+05,4.25E+05,9.32E+05,1.34E+06,5.90E+05,5.16E+05,4.79E+05,1.70E+05,92400,24800,8170,0,7950,0,7750,7650,2990,0,0,0,0,0,0,0,0,0,0,0
37631,10,27,11.16,5.261,88.85,1351.2,3.75E+05,6.02E+05,6.33E+05,1.22E+06,1.02E+06,7.22E+05,3.24E+05,2.37E+05,92300,16500,24500,16100,7950,0,0,0,0,0,0,0,0,0,0,0,0,0,0,0
37632,10,27,12.16,5.2302,89.066,1351.3,3.38E+05,4.59E+05,7.19E+05,1.08E+06,8.64E+05,6.18E+05,2.90E+05,2.37E+05,67000,8250,0,8030,0,7820,0,0,0,2890,2810,0,2650,0,0,0,0,0,0,0
37633,10,27,13.16,5.1822,89.394,1351.8,3.90E+05,5.46E+05,8.56E+05,1.18E+06,8.95E+05,4.44E+05,2.72E+05,2.36E+05,66700,8220,8110,8000,23700,0,0,0,2970,0,0,0,0,0,0,0,0,0,0,0
37634,10,27,14.16,5.1384,89.595,1353.1,3.36E+05,5.09E+05,7.84E+05,1.30E+06,8.42E+05,2.90E+05,50800,16800,41600,8200,8090,7990,7880,0,7680,0,0,0,0,0,0,0,0,0,0,0,0,0
37635,10,27,15.16,5.1284,89.64,1353.5,2.48E+05,6.14E+05,9.06E+05,1.02E+06,9.79E+05,2.90E+05,1.69E+05,50400,16600,0,0,0,15800,7770,0,0,0,0,0,0,0,0,0,0,0,0,0,0
37636,10,27,16.16,5.1388,89.243,1353.7,3.02E+05,4.05E+05,8.57E+05,8.34E+05,8.11E+05,2.91E+05,51000,84400,8350,8240,8130,0,0,0,0,0,0,0,0,0,0,0,0,0,0,0,0,0
37637,10,27,17.16,5.1537,89.094,1354,2.67E+05,6.18E+05,9.46E+05,1.10E+06,8.64E+05,4.80E+05,1.70E+05,67600,50200,16500,0,0,7920,0,0,0,0,0,0,0,0,0,0,0,0,0,0,0
37638,10,27,18.16,5.165,89.032,1353.6,2.31E+05,3.71E+05,8.77E+05,1.15E+06,7.43E+05,1.89E+05,1.36E+05,67700,33500,0,24400,0,7930,0,0,0,0,0,0,0,0,0,0,0,0,0,0,0
37639,10,27,19.16,5.1252,89.271,1353.3,2.13E+05,4.76E+05,6.65E+05,9.03E+05,8.10E+05,6.33E+05,1.36E+05,84400,16700,8230,0,8010,0,7810,0,0,0,0,0,0,0,0,0,0,0,0,0,0
37640,10,27,20.16,5.1273,89.007,1353.3,2.85E+05,7.60E+05,1.00E+06,1.08E+06,7.26E+05,3.61E+05,1.88E+05,1.86E+05,25100,0,16300,16100,0,0,0,0,0,0,0,0,0,0,1210,0,0,0,0,0
37641,10,27,21.16,5.1277,88.727,1353.8,2.32E+05,4.61E+05,1.06E+06,9.61E+05,4.86E+05,4.48E+05,2.56E+05,67900,16800,24900,8170,0,0,0,0,0,0,0,0,0,0,0,0,0,0,0,0,0
37642,10,27,22.16,5.1303,88.717,1353.2,3.75E+05,7.62E+05,9.50E+05,6.99E+05,6.59E+05,3.62E+05,2.05E+05,84900,25200,8290,8170,8060,7960,7850,0,7650,3000,0,0,0,0,0,0,0,0,0,0,0
37643,10,27,23.16,5.1523,88.621,1352.5,3.40E+05,5.15E+05,8.63E+05,9.80E+05,7.47E+05,3.10E+05,1.20E+05,68000,8410,0,0,8070,0,0,0,0,3000,0,0,0,0,0,0,0,0,0,0,0
37644,10,27,24.16,5.1592,88.322,1351.9,2.33E+05,4.63E+05,8.49E+05,9.83E+05,5.40E+05,3.29E+05,1.37E+05,51200,25300,0,0,0,0,0,0,0,3010,0,0,0,0,0,0,0,0,0,0,0
37645,10,27,25.16,5.1731,88.166,1351,1.62E+05,5.71E+05,1.06E+06,7.91E+05,6.46E+05,3.29E+05,86000,34200,50700,0,0,0,0,0,0,0,3010,0,0,0,0,0,0,0,0,0,0,0
37646,10,27,26.16,5.1837,88.015,1349.9,2.34E+05,5.54E+05,8.87E+05,8.45E+05,5.42E+05,2.43E+05,2.07E+05,51300,8470,0,0,8130,0,0,0,0,0,0,0,0,0,0,0,0,0,0,0,0
37647,10,27,27.16,5.2149,87.645,1348.9,2.35E+05,6.64E+05,9.62E+05,7.43E+05,4.39E+05,3.14E+05,2.25E+05,68800,0,0,0,8160,0,0,0,0,0,0,0,0,0,0,0,0,0,0,0,0
37648,10,27,28.16,5.1961,87.729,1348.3,2.17E+05,4.84E+05,6.41E+05,1.02E+06,5.09E+05,4.35E+05,2.08E+05,85900,17000,16800,0,0,0,0,7840,7740,0,0,0,0,0,0,0,0,0,0,0,0
37649,10,27,29.16,5.2234,87.461,1347.7,1.99E+05,3.78E+05,5.36E+05,7.98E+05,3.17E+05,2.80E+05,1.56E+05,51700,8520,16800,0,0,0,0,0,0,0,0,0,0,0,0,0,0,0,0,0,0
37650,10,27,30.16,5.2125,87.462,1347.7,2.90E+05,3.24E+05,9.64E+05,6.56E+05,4.40E+05,2.80E+05,1.21E+05,51700,0,8410,8290,0,0,0,0,0,0,0,0,0,0,0,0,0,0,0,0,0
37651,10,27,31.16,5.2426,87.455,1347.2,1.27E+05,3.42E+05,6.79E+05,7.27E+05,2.99E+05,5.77E+05,2.95E+05,51700,0,8410,8290,0,0,0,0,0,3040,0,0,0,0,0,0,0,0,0,0,0
37652,10,27,32.16,5.2899,87.482,1346.6,1.81E+05,5.21E+05,8.57E+05,5.14E+05,6.51E+05,4.54E+05,2.95E+05,51700,8520,0,0,16400,0,0,0,0,0,0,0,0,0,0,0,0,0,0,0,0
37653,10,27,33.16,5.3288,87.451,1346.6,3.62E+05,4.68E+05,9.11E+05,9.22E+05,7.04E+05,3.15E+05,1.91E+05,86100,34100,0,0,0,0,0,0,0,0,0,0,0,0,0,0,0,0,0,0,0
37654,10,27,34.16,5.3196,87.356,1346.9,2.18E+05,5.04E+05,9.65E+05,6.39E+05,4.58E+05,2.80E+05,1.91E+05,51700,8530,16800,0,0,0,7980,0,7770,0,0,2860,0,0,0,0,0,0,0,0,0
37655,10,27,35.16,5.262,87.599,1348.1,2.71E+05,7.00E+05,9.27E+05,6.90E+05,4.57E+05,3.14E+05,1.04E+05,86000,51100,16800,0,0,0,0,0,0,0,0,0,0,0,0,0,0,0,0,0,0
37656,10,27,36.16,5.2307,87.542,1348.1,2.90E+05,6.29E+05,1.14E+06,9.74E+05,6.33E+05,4.54E+05,2.25E+05,68800,8510,8400,0,0,0,0,7860,7760,3040,0,2860,0,0,0,0,0,0,0,0,0
37657,10,27,37.16,5.2175,87.367,1348.5,3.08E+05,6.66E+05,1.16E+06,6.74E+05,6.17E+05,3.15E+05,86800,51700,8530,0,16600,0,0,0,0,0,0,0,0,0,0,0,0,0,0,0,0,0
37658,10,27,38.16,5.1754,87.605,1349.1,2.17E+05,8.62E+05,8.02E+05,1.01E+06,5.45E+05,2.79E+05,1.39E+05,34400,8510,0,0,0,0,0,0,0,0,0,0,0,0,0,0,0,0,0,0,0
37659,10,27,39.16,5.156,87.549,1349.5,2.35E+05,5.21E+05,8.03E+05,8.68E+05,3.52E+05,87300,86600,51600,0,0,0,16300,0,0,7860,0,0,0,0,0,0,0,0,0,0,0,0,0
37660,10,27,40.16,5.1538,87.338,1349.4,2.54E+05,6.66E+05,9.30E+05,5.50E+05,3.17E+05,87500,86900,34500,0,16800,0,0,0,0,0,0,0,0,0,0,0,0,0,0,0,0,0,0
37661,10,27,41.16,5.1401,87.244,1349.7,4.54E+05,6.85E+05,1.04E+06,7.46E+05,4.23E+05,1.93E+05,52200,34500,25600,0,16600,0,8090,0,0,0,0,0,0,0,0,0,0,0,0,0,0,0
37662,10,27,42.16,5.1351,86.884,1349.6,4.56E+05,8.15E+05,1.11E+06,9.81E+05,4.25E+05,2.29E+05,1.92E+05,52000,25700,0,0,0,0,0,0,0,0,0,0,0,0,0,0,0,0,0,0,0
37663,10,27,43.16,5.0779,87.118,1349.7,2.73E+05,7.76E+05,1.06E+06,8.01E+05,3.89E+05,2.46E+05,1.39E+05,51900,17100,0,0,0,16200,0,0,0,0,0,0,0,0,0,0,0,0,0,0,0
37664,10,27,44.16,5.0818,86.764,1349.2,3.29E+05,6.35E+05,7.74E+05,5.00E+05,2.66E+05,3.17E+05,1.22E+05,34700,25800,0,8360,0,0,0,0,0,0,0,0,0,0,0,0,0,0,0,0,0
37665,10,27,45.16,5.0947,86.684,1349.3,4.39E+05,6.90E+05,8.83E+05,5.19E+05,3.37E+05,3.17E+05,1.23E+05,34800,17200,0,0,0,0,0,0,0,0,0,0,0,0,0,0,0,0,0,0,0
37666,10,27,46.16,5.1308,86.627,1348.8,3.84E+05,9.08E+05,9.91E+05,5.01E+05,4.97E+05,1.41E+05,1.58E+05,52200,8600,17000,0,0,0,8040,0,0,0,0,0,0,0,0,0,0,0,0,0,0
37667,10,27,47.16,5.1289,86.704,1349,2.74E+05,7.08E+05,7.56E+05,8.40E+05,3.20E+05,1.59E+05,70000,34800,17200,17000,0,0,0,8040,0,0,0,0,0,0,0,0,0,0,0,0,0,0
37668,10,27,48.16,5.1467,86.666,1348.9,3.47E+05,5.81E+05,6.31E+05,8.05E+05,2.66E+05,1.94E+05,2.28E+05,86900,25800,0,0,8260,0,0,0,0,0,0,0,0,0,0,0,0,0,0,0,0
37669,10,27,49.16,5.1509,86.713,1349.1,3.66E+05,4.90E+05,5.04E+05,5.72E+05,4.44E+05,88100,35000,86900,25800,8480,0,0,0,0,0,0,0,2970,0,0,0,0,0,0,0,0,0,0
37670,10,27,50.16,5.1589,86.844,1349.1,2.01E+05,5.62E+05,6.29E+05,6.60E+05,3.19E+05,1.41E+05,17500,69400,0,0,8350,8240,0,0,0,0,0,0,2880,0,0,0,0,0,0,0,0,0
37671,10,27,51.16,5.2091,86.799,1349.6,2.74E+05,4.53E+05,7.56E+05,8.04E+05,2.31E+05,1.94E+05,52400,34700,8590,8470,8350,8240,0,0,0,0,0,0,0,0,0,0,0,0,0,0,0,0
37672,10,27,52.16,5.2381,86.731,1349.5,3.47E+05,5.80E+05,5.94E+05,5.18E+05,1.77E+05,1.41E+05,1.05E+05,34700,25800,0,0,0,0,0,0,0,0,0,0,0,0,0,0,0,0,0,0,0
37673,10,27,53.16,5.2337,86.708,1350.4,2.56E+05,7.08E+05,7.02E+05,5.18E+05,2.84E+05,2.29E+05,1.05E+05,34700,34400,0,8360,0,0,0,0,0,0,0,0,0,0,0,0,0,0,0,0,0
37674,10,27,54.16,5.2366,86.598,1351,4.03E+05,5.45E+05,5.95E+05,7.70E+05,3.02E+05,1.24E+05,0,52200,43000,8490,8370,0,0,0,0,0,0,0,0,0,0,0,0,0,0,0,0,0
37675,10,27,55.16,5.2047,86.579,1351,5.13E+05,7.27E+05,7.58E+05,5.55E+05,2.67E+05,2.82E+05,70100,69600,8610,17000,0,0,0,0,0,0,0,0,0,0,0,0,0,0,0,0,0,0
37676,10,27,56.16,5.1627,86.603,1351.1,4.03E+05,7.63E+05,4.87E+05,6.27E+05,1.24E+05,1.59E+05,1.40E+05,69600,8610,8490,0,8260,0,0,7940,0,0,0,0,0,0,0,0,0,0,0,0,0
37677,10,27,57.16,5.1402,86.448,1351.2,4.40E+05,5.46E+05,7.04E+05,5.92E+05,3.38E+05,1.94E+05,70200,17400,17200,8500,0,8280,0,0,0,0,3070,0,0,0,0,0,0,0,0,0,0,0
37678,10,27,58.16,5.1481,86.894,1351.6,5.11E+05,6.34E+05,8.09E+05,6.42E+05,1.77E+05,1.93E+05,52400,34700,8580,0,0,0,0,0,7920,0,0,0,0,0,0,0,0,0,0,0,0,0
37679,10,27,59.16,5.2058,86.963,1351,4.01E+05,5.79E+05,5.75E+05,4.81E+05,3.19E+05,87900,1.22E+05,34600,8570,8450,0,8230,0,0,0,0,0,0,2880,0,0,0,0,0,0,0,0,0
37680,10,28,0.16,5.2243,87.064,1351.2,4.00E+05,6.50E+05,4.84E+05,4.10E+05,2.47E+05,1.23E+05,69700,34600,8560,0,0,0,0,0,0,0,0,2960,0,2790,0,0,0,0,0,0,0,0
37681,10,28,1.16,5.2076,87.079,1351.2,2.91E+05,6.32E+05,2.87E+05,5.87E+05,1.94E+05,1.75E+05,69700,69200,8560,0,8330,0,0,0,0,0,0,0,0,0,0,0,0,0,0,0,0,0
37682,10,28,2.16,5.2,86.918,1351.1,4.01E+05,5.43E+05,5.93E+05,4.46E+05,2.48E+05,87900,52400,69300,34300,8460,8340,8230,0,0,0,0,0,0,0,0,0,0,0,0,0,0,0,0
37683,10,28,3.16,5.1871,86.85,1350.9,2.92E+05,4.53E+05,3.78E+05,3.75E+05,2.48E+05,1.76E+05,1.75E+05,34700,34300,8460,0,0,0,0,0,0,0,0,0,0,0,0,0,0,0,0,0,0
37684,10,28,4.16,5.185,86.403,1351,3.12E+05,5.46E+05,3.98E+05,4.49E+05,2.85E+05,1.59E+05,70200,87200,25900,17000,8390,8280,0,0,0,0,0,0,0,0,0,0,0,0,0,0,0,0
37685,10,28,5.16,5.1806,85.934,1350.8,3.69E+05,5.49E+05,4.72E+05,4.15E+05,1.79E+05,53300,70600,52600,17300,8550,0,8330,0,0,0,0,3090,0,0,0,0,0,0,0,0,0,0,0
37686,10,28,6.16,5.1237,86.21,1350.9,3.68E+05,4.56E+05,4.89E+05,5.39E+05,1.61E+05,1.42E+05,52800,34900,34600,8530,8410,8300,0,0,0,0,0,0,0,0,0,0,0,0,0,0,0,0
37687,10,28,7.16,5.1155,86.105,1350.1,2.21E+05,4.02E+05,6.35E+05,3.60E+05,1.43E+05,1.42E+05,1.59E+05,35000,17300,0,0,0,0,0,0,0,0,0,0,0,0,0,0,0,0,0,0,0
37688,10,28,8.16,5.115,86.141,1349.2,4.60E+05,5.11E+05,4.71E+05,3.24E+05,2.68E+05,1.06E+05,0,35000,17300,8530,8420,0,0,0,0,0,3080,0,0,0,0,0,0,0,0,0,0,0
37689,10,28,9.16,5.1246,86.271,1349,2.57E+05,3.83E+05,5.61E+05,4.31E+05,3.03E+05,1.59E+05,52800,34900,34600,0,0,8290,0,0,0,0,0,0,0,0,0,0,0,0,0,0,0,0
37690,10,28,10.16,5.1197,86.635,1348.5,3.11E+05,3.81E+05,7.03E+05,5.19E+05,1.95E+05,35300,17500,69600,25800,0,8370,0,0,0,0,0,0,0,0,0,0,0,0,0,0,0,0,0
37691,10,28,11.16,5.1114,86.781,1348.1,3.10E+05,3.44E+05,6.84E+05,4.11E+05,1.60E+05,1.23E+05,35000,69400,17200,16900,0,0,0,0,0,0,0,0,0,0,0,0,0,0,0,0,0,0
37692,10,28,12.16,5.1338,86.755,1347.4,4.38E+05,5.26E+05,3.96E+05,3.22E+05,2.13E+05,88100,52500,34700,17200,33900,8360,0,0,0,0,0,0,2970,0,0,0,0,0,0,0,0,0,0
37693,10,28,13.16,5.1392,86.51,1347,2.75E+05,4.18E+05,2.89E+05,2.51E+05,1.78E+05,70700,1.40E+05,69700,8620,8500,8380,0,0,0,0,0,0,0,0,0,0,0,0,0,0,0,0,0
37694,10,28,14.16,5.1334,86.452,1347,2.75E+05,4.55E+05,3.97E+05,2.51E+05,2.31E+05,1.06E+05,70200,34900,25900,0,8390,8280,0,0,0,0,0,0,0,0,0,0,0,0,0,0,0,0
37695,10,28,15.16,5.164,86.621,1346.7,2.56E+05,4.00E+05,2.52E+05,5.01E+05,88800,52900,87600,1.22E+05,17200,17000,8370,0,0,0,0,0,0,2980,2890,0,0,0,0,0,0,0,0,0
37696,10,28,16.16,5.2365,86.335,1346.6,3.49E+05,3.10E+05,5.25E+05,4.67E+05,1.96E+05,88500,35100,17400,25900,25500,0,0,0,0,0,0,0,0,0,0,0,0,0,0,0,0,0,0
37697,10,28,17.16,5.2379,86.415,1346.6,4.03E+05,3.46E+05,4.34E+05,3.59E+05,1.42E+05,1.24E+05,35100,1.05E+05,25900,25500,8390,0,0,0,0,0,0,2980,0,0,0,0,0,0,0,0,0,0
37698,10,28,18.16,5.2095,86.664,1346.4,4.39E+05,4.90E+05,4.50E+05,3.22E+05,1.78E+05,1.23E+05,35000,52200,17200,0,0,0,0,0,0,0,0,0,0,0,0,0,0,0,0,0,0,0
37699,10,28,19.16,5.2225,86.541,1346.9,3.85E+05,4.36E+05,2.89E+05,2.69E+05,3.02E+05,1.77E+05,70100,17400,25800,0,8380,8270,0,0,7950,0,0,0,0,0,0,0,0,0,0,0,0,0
37700,10,28,20.16,5.2041,86.822,1347,3.47E+05,2.90E+05,4.14E+05,4.29E+05,1.24E+05,1.76E+05,69900,69400,17200,0,0,0,16300,0,0,0,0,0,0,0,2720,0,0,0,0,0,0,0
37701,10,28,21.16,5.1957,87.068,1347.8,3.82E+05,4.34E+05,3.59E+05,2.67E+05,2.47E+05,70200,69700,0,25700,16900,16700,0,0,0,0,7800,0,0,0,0,0,0,0,0,0,0,0,0
37702,10,28,22.16,5.2626,86.179,1348.5,3.31E+05,2.37E+05,3.44E+05,2.16E+05,1.79E+05,1.24E+05,35200,69900,17300,0,8410,0,8190,0,0,0,0,0,0,0,0,0,0,0,0,0,0,0
37703,10,28,23.16,5.2575,85.838,1348.3,4.62E+05,3.85E+05,2.91E+05,4.33E+05,1.43E+05,53400,53000,35100,8680,8560,0,0,8220,0,8010,0,0,0,0,0,0,0,0,0,0,0,0,0
37704,10,28,24.16,5.1753,86.167,1348.7,3.13E+05,3.83E+05,2.36E+05,2.70E+05,2.50E+05,53200,52800,17500,26000,0,0,0,0,0,0,0,0,0,0,0,0,0,0,0,0,0,0,0
37705,10,28,25.16,5.1719,85.971,1348.8,3.32E+05,3.48E+05,4.36E+05,1.98E+05,1.25E+05,71100,52900,70100,17300,0,8430,8320,8210,0,8000,0,0,0,0,0,0,0,0,0,0,0,0,0
37706,10,28,26.16,5.1943,85.529,1347.8,2.59E+05,3.31E+05,4.20E+05,3.63E+05,1.26E+05,35700,1.60E+05,35200,17400,8590,8480,0,0,0,0,0,0,0,0,0,0,0,0,0,0,0,0,0
37707,10,28,27.16,5.1707,85.641,1346.9,2.96E+05,2.02E+05,2.55E+05,2.72E+05,1.62E+05,1.07E+05,35400,17600,26100,0,0,8350,0,0,0,0,0,0,0,0,0,0,0,0,0,0,0,0
37708,10,28,28.16,5.1633,85.797,1346.5,3.51E+05,2.75E+05,2.91E+05,2.35E+05,35900,53400,53100,1.05E+05,8690,8570,0,0,0,0,0,0,0,0,0,0,0,0,0,0,0,0,0,0
37709,10,28,29.16,5.174,85.448,1345.1,2.78E+05,3.31E+05,3.29E+05,3.08E+05,1.80E+05,1.61E+05,71000,35300,43600,8600,0,0,0,8150,0,0,0,0,0,0,0,0,0,0,0,0,0,0
37710,10,28,30.16,5.1779,85.731,1344.4,2.96E+05,2.75E+05,4.92E+05,3.07E+05,1.44E+05,17800,53100,35100,34800,8570,16900,0,0,0,0,0,0,0,0,0,0,0,0,0,0,0,0,0
37711,10,28,31.16,5.2015,86.141,1344,3.50E+05,3.83E+05,3.26E+05,2.34E+05,71500,1.24E+05,17600,35000,8650,0,0,0,0,0,0,0,0,0,0,0,0,0,0,0,0,0,0,0
37712,10,28,32.16,5.2441,86.055,1343.4,2.03E+05,4.39E+05,3.63E+05,3.96E+05,1.07E+05,35500,70500,35000,26000,8540,0,0,0,0,0,0,0,0,0,0,0,0,0,0,0,0,0,0
37713,10,28,33.16,5.2433,86.273,1343.2,3.49E+05,4.01E+05,4.71E+05,4.67E+05,1.43E+05,53100,35200,34900,8640,0,8410,0,0,0,0,0,0,0,0,0,0,0,0,0,0,0,0,0
37714,10,28,34.16,5.2873,86.101,1343.1,1.66E+05,4.20E+05,3.26E+05,3.06E+05,89400,71000,35200,17500,0,8540,0,0,0,0,0,0,0,0,0,0,0,0,0,0,0,0,0,0
37715,10,28,35.16,5.3142,85.727,1343.1,2.22E+05,3.49E+05,3.46E+05,2.35E+05,1.44E+05,1.07E+05,70800,17600,0,0,8460,8350,0,0,0,0,0,0,0,0,0,0,0,0,0,0,0,0
37716,10,28,36.16,5.2771,85.587,1343.7,2.96E+05,4.23E+05,3.28E+05,1.99E+05,1.62E+05,89300,35500,35200,17400,0,0,0,16500,0,0,0,0,0,0,0,0,0,0,0,0,0,0,0
37717,10,28,37.16,5.2485,85.27,1343,2.97E+05,3.14E+05,4.21E+05,3.09E+05,1.26E+05,71700,53400,35300,17500,0,0,0,0,0,0,0,0,0,0,0,0,0,0,0,0,0,0,0
37718,10,28,38.16,5.1964,85.297,1343.1,2.23E+05,2.58E+05,2.56E+05,2.54E+05,1.44E+05,17900,17800,53000,8740,8620,0,0,8280,0,0,0,0,0,0,0,0,0,0,0,0,0,0,0
37719,10,28,39.16,5.173,84.885,1343.9,2.99E+05,3.52E+05,2.94E+05,2.56E+05,90700,72000,17900,71000,8780,17300,8540,0,0,0,0,0,0,0,0,0,0,0,0,0,0,0,0,0
37720,10,28,40.16,5.1681,84.888,1344.3,1.87E+05,2.22E+05,2.76E+05,2.37E+05,54400,36000,71500,71000,8780,0,0,0,0,0,0,0,0,0,0,0,0,0,0,0,0,0,0,0
37721,10,28,41.16,5.1455,85.398,1345,2.60E+05,2.76E+05,3.84E+05,1.27E+05,1.26E+05,89500,17800,17600,26200,8610,0,0,0,0,0,0,0,0,0,0,0,0,0,0,0,0,0,0
37722,10,28,42.16,5.166,85.519,1345.6,3.52E+05,2.58E+05,3.83E+05,2.36E+05,72000,71500,1.06E+05,17600,8720,8600,0,0,0,0,0,0,0,0,0,0,0,0,0,0,0,0,0,0
37723,10,28,43.16,5.1844,85.57,1345.5,3.33E+05,2.39E+05,1.64E+05,2.36E+05,71900,71400,35500,17600,0,17200,8470,0,0,0,0,0,0,0,0,0,0,0,0,0,0,0,0,0
37724,10,28,44.16,5.195,85.618,1346.2,2.04E+05,2.76E+05,3.47E+05,2.35E+05,1.44E+05,71400,53200,52800,17400,8590,0,0,8250,0,0,0,0,0,0,0,0,0,0,0,0,0,0,0
37725,10,28,45.16,5.2282,85.681,1346.5,3.70E+05,2.94E+05,3.10E+05,1.99E+05,89800,71300,35400,52700,8700,0,0,0,0,0,0,0,3100,0,0,0,0,0,0,0,0,0,0,0
37726,10,28,46.16,5.2753,85.555,1346.6,3.15E+05,3.13E+05,3.47E+05,2.54E+05,1.08E+05,1.25E+05,53200,17600,8710,0,8480,0,8250,0,0,0,0,0,0,0,0,0,0,0,0,0,0,0
37727,10,28,47.16,5.2549,85.878,1347.5,2.95E+05,4.03E+05,1.27E+05,2.53E+05,2.33E+05,1.78E+05,17700,52600,8680,8560,0,0,0,0,0,0,0,0,0,0,0,0,0,0,0,0,0,0
37728,10,28,48.16,5.2375,86.339,1347.8,1.47E+05,2.92E+05,3.98E+05,1.98E+05,1.43E+05,88500,35100,17400,34500,8510,0,0,0,0,0,0,0,0,0,0,0,0,0,0,0,0,0,0
37729,10,28,49.16,5.2547,86.296,1348.8,4.22E+05,3.28E+05,2.71E+05,2.34E+05,1.25E+05,0,52700,34900,17300,34100,0,0,0,0,0,0,0,2990,0,0,0,0,0,0,0,0,0,0
37730,10,28,50.16,5.2343,86.437,1349,3.85E+05,3.64E+05,2.89E+05,1.79E+05,1.42E+05,88400,52700,17400,34500,8500,0,0,8170,0,7960,0,0,0,0,0,0,0,0,0,0,0,0,0
37731,10,28,51.16,5.2189,86.362,1349.7,4.04E+05,1.46E+05,2.35E+05,2.15E+05,1.07E+05,1.59E+05,70300,0,17300,8510,0,0,0,0,0,0,0,0,0,0,0,0,0,0,0,0,0,0
37732,10,28,52.16,5.2202,86.515,1350.2,2.56E+05,1.64E+05,1.44E+05,2.69E+05,2.49E+05,1.24E+05,17500,34800,43100,8500,0,8270,0,0,0,0,0,0,0,0,0,0,0,0,0,0,0,0
37733,10,28,53.16,5.2195,86.658,1350.6,2.01E+05,3.81E+05,3.42E+05,3.04E+05,1.60E+05,1.23E+05,87500,52200,34400,0,0,0,0,0,0,0,0,0,0,0,0,0,0,0,0,0,0,0
37734,10,28,54.16,5.2225,86.655,1350.8,2.38E+05,2.90E+05,2.88E+05,2.15E+05,1.60E+05,35300,1.05E+05,52200,34400,8480,0,8260,0,0,0,0,0,0,0,0,0,0,0,0,0,0,0,0
37735,10,28,55.16,5.1981,86.903,1350.8,2.01E+05,1.99E+05,3.59E+05,2.32E+05,88600,1.23E+05,34900,52000,0,0,8340,0,0,0,0,0,0,0,0,0,0,0,0,0,0,0,0,0
37736,10,28,56.16,5.1682,87.091,1350.7,3.46E+05,2.71E+05,2.69E+05,3.03E+05,1.77E+05,1.23E+05,34800,69200,17100,8440,8330,0,0,0,0,0,0,0,0,0,0,0,0,0,0,0,0,0
37737,10,28,57.16,5.1512,87.126,1350.6,2.55E+05,3.25E+05,2.87E+05,2.49E+05,1.41E+05,35100,0,69200,25700,8440,0,0,0,0,7890,0,0,0,0,0,0,0,0,0,0,0,0,0
37738,10,28,58.16,5.1192,87.476,1350.2,2.90E+05,1.98E+05,4.46E+05,1.95E+05,1.94E+05,52400,69400,86100,17000,8400,16600,0,0,0,0,0,0,0,2860,0,0,0,0,0,0,0,0,0
37739,10,28,59.16,5.1037,87.566,1349.9,3.44E+05,3.23E+05,3.21E+05,2.83E+05,2.28E+05,52400,1.21E+05,17200,8510,8400,8280,8170,0,0,0,0,0,2940,2860,0,0,0,0,0,0,0,0,0
37740,10,29,0.16,5.1077,87.712,1350.5,2.53E+05,3.41E+05,2.85E+05,1.94E+05,1.23E+05,1.05E+05,1.04E+05,34400,17000,25100,0,8160,0,7940,0,0,0,0,0,0,2690,0,0,0,0,0,0,0
37741,10,29,1.16,5.1087,87.87,1349.7,2.52E+05,1.79E+05,3.55E+05,2.65E+05,1.05E+05,1.04E+05,17300,17100,17000,0,0,0,0,0,0,0,0,0,0,0,0,0,0,0,0,0,0,0
37742,10,29,2.16,5.102,88.058,1349.4,1.44E+05,2.32E+05,1.77E+05,1.58E+05,2.10E+05,1.21E+05,51700,34200,16900,33400,0,0,0,0,0,0,0,0,0,0,0,0,0,0,0,0,0,0
37743,10,29,3.16,5.0872,88.313,1348.9,1.44E+05,2.14E+05,3.36E+05,1.93E+05,1.92E+05,69200,68700,17100,25300,8320,8210,0,0,0,0,0,0,0,0,0,0,0,0,0,0,0,0,0
37744,10,29,4.16,5.0961,88.323,1348.6,2.69E+05,2.67E+05,2.65E+05,3.16E+05,2.09E+05,1.04E+05,1.37E+05,17100,25300,25000,0,0,7990,0,0,0,0,0,0,0,0,0,0,0,0,0,0,0
37745,10,29,5.16,5.0984,88.555,1348.2,1.79E+05,2.13E+05,2.29E+05,2.63E+05,1.74E+05,34500,68500,51000,16800,0,16400,0,0,0,0,0,0,0,0,0,0,0,0,0,0,0,0,0
37746,10,29,6.16,5.1083,88.607,1347.3,1.97E+05,2.49E+05,2.29E+05,1.57E+05,2.08E+05,1.38E+05,1.20E+05,1.02E+05,0,0,0,0,0,0,0,0,0,0,0,0,0,0,0,0,0,0,0,0
37747,10,29,7.16,5.1301,88.62,1347.2,1.43E+05,3.37E+05,3.17E+05,1.57E+05,1.74E+05,1.55E+05,51400,68000,8410,16600,8180,8070,0,0,0,0,0,0,0,0,0,0,0,0,0,0,0,0
37748,10,29,8.16,5.105,88.59,1346.8,1.97E+05,2.13E+05,2.82E+05,1.57E+05,3.47E+05,1.21E+05,68500,51000,25200,0,0,0,0,0,0,0,0,0,0,0,0,0,0,0,0,0,0,0
37749,10,29,9.16,5.1255,88.516,1346.7,3.22E+05,1.24E+05,2.65E+05,1.93E+05,1.91E+05,86300,85700,85100,33700,0,0,0,0,0,0,0,3000,0,0,0,0,0,0,0,0,0,0,0
37750,10,29,10.16,5.1295,88.564,1346.8,1.79E+05,3.37E+05,2.47E+05,2.28E+05,1.74E+05,34500,1.03E+05,68000,42100,0,8190,0,0,0,0,0,0,0,2820,2740,0,0,0,0,0,0,0,0
37751,10,29,11.16,5.146,88.603,1346.6,1.79E+05,3.20E+05,3.17E+05,2.10E+05,1.56E+05,1.90E+05,1.71E+05,34000,0,16600,0,8070,0,7860,0,0,0,0,0,0,0,0,0,0,0,0,0,0
37752,10,29,12.16,5.1669,88.423,1346.4,1.79E+05,3.74E+05,3.18E+05,2.45E+05,3.48E+05,2.25E+05,1.03E+05,17000,25300,0,0,0,0,0,7780,7680,3000,0,0,0,0,0,0,0,0,0,0,0
37753,10,29,13.16,5.1611,88.312,1346.6,1.97E+05,3.03E+05,2.30E+05,2.28E+05,2.09E+05,1.73E+05,68700,17100,16900,0,0,0,0,0,7790,0,0,0,0,0,0,0,0,0,0,0,0,0
37754,10,29,14.16,5.159,88.3,1346.6,2.33E+05,3.38E+05,3.71E+05,1.76E+05,1.74E+05,34600,34400,34100,25300,8330,8210,0,0,0,0,0,0,0,0,0,0,0,0,0,0,0,0,0
37755,10,29,15.16,5.1811,88.143,1346.3,3.24E+05,3.75E+05,3.19E+05,2.46E+05,3.49E+05,1.91E+05,51600,34200,25400,0,8230,0,0,0,0,0,0,0,0,0,0,0,0,0,0,0,0,0
37756,10,29,16.16,5.1654,88.303,1346.6,1.44E+05,1.78E+05,3.89E+05,2.46E+05,1.92E+05,86500,34400,17100,8440,0,8210,0,0,0,0,0,0,0,0,0,0,0,0,0,0,0,0,0
37757,10,29,17.16,5.1949,88.402,1347.1,1.43E+05,2.67E+05,3.71E+05,1.58E+05,2.09E+05,2.25E+05,17200,17000,8430,8320,0,0,0,0,0,0,0,0,0,0,0,0,0,0,0,0,0,0
37758,10,29,18.16,5.2263,88.217,1347.5,1.80E+05,1.78E+05,3.19E+05,1.76E+05,2.27E+05,86600,34400,17100,16900,8330,8220,0,8000,0,0,0,3010,0,0,0,0,0,0,0,0,0,0,0
37759,10,29,19.16,5.2048,88.308,1347.9,1.08E+05,1.96E+05,4.24E+05,1.93E+05,87100,1.56E+05,85900,68200,16900,8320,0,0,0,0,0,0,0,0,0,0,0,0,0,0,0,0,0,0
37760,10,29,20.16,5.2509,88.039,1347.6,1.26E+05,3.39E+05,2.48E+05,2.47E+05,1.57E+05,34700,1.03E+05,34200,25400,16700,0,0,0,0,0,0,0,0,0,0,0,0,0,0,0,0,0,0
37761,10,29,21.16,5.2795,88.095,1347.2,1.62E+05,1.79E+05,2.30E+05,1.41E+05,1.57E+05,52000,86100,0,8460,8340,0,0,8010,0,0,0,0,0,0,0,0,0,0,0,0,0,0,0
37762,10,29,22.16,5.2873,88.094,1348.2,1.62E+05,2.32E+05,2.13E+05,2.11E+05,2.10E+05,34700,51700,34200,25400,0,0,0,0,0,0,0,0,0,0,0,0,0,0,0,0,0,0,0
37763,10,29,23.16,5.276,88.001,1348.6,1.98E+05,1.79E+05,2.84E+05,1.06E+05,1.05E+05,86800,51700,34200,16900,16700,8240,0,0,0,0,0,0,2930,0,0,0,0,0,0,0,0,0,0
37764,10,29,24.16,5.2714,87.695,1347.7,1.63E+05,3.41E+05,2.67E+05,2.47E+05,1.23E+05,1.05E+05,17300,0,17000,16800,16500,0,0,0,0,7740,0,0,0,0,0,0,0,0,0,0,0,0
37765,10,29,25.16,5.2499,87.424,1348.4,1.45E+05,1.80E+05,1.79E+05,4.26E+05,35200,1.05E+05,34700,0,25600,16800,16600,0,0,7970,0,0,0,0,0,0,0,0,0,0,0,0,0,0
37766,10,29,26.16,5.2243,87.345,1348.9,2.00E+05,1.80E+05,2.15E+05,2.31E+05,1.06E+05,87500,1.04E+05,51700,34100,0,16600,0,8080,0,0,0,0,0,0,0,0,0,0,0,0,0,0,0
37767,10,29,27.16,5.2201,87.155,1348.6,2.55E+05,2.89E+05,2.69E+05,1.60E+05,1.77E+05,35100,69600,17300,0,8430,0,0,8100,0,0,0,0,0,0,0,0,0,0,0,0,0,0,0
37768,10,29,28.16,5.1823,87.401,1348.8,1.09E+05,1.98E+05,2.32E+05,3.37E+05,2.11E+05,52500,69400,51700,8530,8410,0,8190,0,0,0,0,0,0,0,0,0,0,0,0,0,0,0,0
37769,10,29,29.16,5.1761,87.427,1348.1,1.99E+05,3.24E+05,2.50E+05,2.31E+05,2.11E+05,69900,86800,34500,17100,0,16600,0,0,0,0,0,0,0,0,0,0,0,0,0,0,0,0,0
37770,10,29,30.16,5.1782,87.399,1349,2.18E+05,2.16E+05,2.86E+05,1.95E+05,1.76E+05,69900,34700,34500,25600,0,0,0,0,0,0,0,0,0,0,0,0,0,0,0,0,0,0,0
37771,10,29,31.16,5.2067,87.318,1348.3,1.27E+05,1.44E+05,2.68E+05,1.78E+05,1.76E+05,70000,17400,34500,34100,8420,8300,0,0,0,0,0,0,0,0,0,0,0,0,0,0,0,0,0
37772,10,29,32.16,5.2385,87.143,1348.3,2.00E+05,2.53E+05,1.43E+05,1.60E+05,1.59E+05,1.05E+05,52200,86400,8550,0,0,16400,0,0,0,0,0,0,0,0,0,0,0,0,0,0,0,0
37773,10,29,33.16,5.2218,87.313,1348.4,1.82E+05,2.16E+05,2.33E+05,3.02E+05,70500,52500,17400,34500,34100,0,0,0,0,0,0,0,3040,0,0,2780,0,0,0,0,0,0,0,0
37774,10,29,34.16,5.2105,87.306,1348.4,2.36E+05,5.23E+05,4.11E+05,4.08E+05,2.12E+05,17500,34800,17300,17100,0,0,0,0,7980,0,0,0,0,0,0,0,0,0,0,0,0,0,0
37775,10,29,35.16,5.2142,87.305,1348.3,2.90E+05,1.98E+05,2.86E+05,3.02E+05,2.29E+05,35000,17400,17300,17100,16800,0,0,0,0,0,7780,0,0,0,0,0,0,0,0,0,0,0,0
37776,10,29,36.16,5.2416,87.326,1348.3,2.90E+05,3.06E+05,3.40E+05,3.02E+05,70500,87500,69500,17300,0,8420,8300,0,0,0,0,0,0,0,0,0,0,0,0,0,0,0,0,0
37777,10,29,37.16,5.2851,87.089,1348.2,2.37E+05,3.61E+05,2.51E+05,2.49E+05,1.94E+05,87700,69700,34600,0,16900,8330,0,0,0,0,0,0,0,0,0,0,0,0,0,0,0,0,0
37778,10,29,38.16,5.2855,86.961,1348.3,2.73E+05,2.89E+05,3.05E+05,2.67E+05,1.95E+05,1.41E+05,1.05E+05,34600,8570,0,0,8230,0,0,7910,0,0,0,0,0,0,0,0,0,0,0,0,0
37779,10,29,39.16,5.2707,86.98,1347.9,2.19E+05,2.35E+05,2.33E+05,1.78E+05,53100,35100,52300,34600,25700,8450,0,0,8120,0,0,0,0,0,0,0,0,0,0,0,0,0,0,0
37780,10,29,40.16,5.2523,86.914,1347.6,2.01E+05,5.43E+05,1.44E+05,2.68E+05,2.83E+05,17600,1.05E+05,0,8580,8460,0,8230,0,0,7910,0,0,0,0,0,0,0,0,0,0,0,0,0
37781,10,29,41.16,5.2198,86.758,1347.6,3.29E+05,2.72E+05,1.80E+05,1.25E+05,1.06E+05,70500,70000,52100,0,16900,0,0,0,0,0,0,0,0,0,0,0,0,0,0,0,0,0,0
37782,10,29,42.16,5.1863,86.508,1347.2,2.02E+05,5.46E+05,1.99E+05,1.79E+05,71200,70700,1.05E+05,0,17200,0,0,0,0,0,0,0,3070,0,2890,0,0,0,0,0,0,0,0,0
37783,10,29,43.16,5.1998,86.672,1346.7,2.38E+05,4.36E+05,1.80E+05,1.79E+05,1.42E+05,52900,35000,52100,17200,0,8370,0,0,0,0,0,0,0,0,0,0,0,0,0,0,0,0,0
37784,10,29,44.16,5.2393,86.889,1346,3.28E+05,3.80E+05,3.23E+05,1.78E+05,1.42E+05,70300,34900,69400,17200,8460,0,0,0,0,0,0,0,0,0,0,0,0,0,0,0,0,0,0
37785,10,29,45.16,5.2568,87.251,1346,3.27E+05,3.97E+05,2.33E+05,2.31E+05,1.41E+05,1.23E+05,34800,17300,25600,0,8310,0,0,0,0,0,0,0,0,0,0,0,1230,0,0,0,0,0
37786,10,29,46.16,5.3068,87.07,1345.5,2.91E+05,3.07E+05,1.61E+05,1.78E+05,1.94E+05,1.05E+05,34900,17300,17100,16900,0,0,0,0,0,0,0,0,0,0,0,0,0,0,0,0,0,0
37787,10,29,47.16,5.3264,87.079,1345.7,1.09E+05,4.52E+05,2.33E+05,1.78E+05,70700,1.05E+05,52300,34600,8560,16900,0,0,0,0,0,0,0,0,0,0,0,0,0,0,0,0,0,0
37788,10,29,48.16,5.3461,87.045,1346,2.91E+05,5.78E+05,2.51E+05,71200,88400,35100,34900,86500,17100,8450,0,0,0,0,0,0,0,0,2870,0,0,0,0,0,0,0,0,0
37789,10,29,49.16,5.3346,86.976,1346.7,2.73E+05,3.80E+05,3.41E+05,2.32E+05,2.48E+05,17600,34900,34600,0,16900,8340,0,0,0,0,0,0,0,0,0,0,0,0,0,0,0,0,0
37790,10,29,50.16,5.356,86.64,1346.5,1.83E+05,3.81E+05,2.16E+05,2.33E+05,1.78E+05,70500,0,0,8600,0,0,0,8150,0,0,0,0,0,0,0,0,0,0,0,0,0,0,0
37791,10,29,51.16,5.3258,86.446,1346.4,1.47E+05,3.09E+05,3.61E+05,2.51E+05,2.31E+05,70700,0,34900,8620,0,0,0,8170,0,0,0,0,0,0,0,0,0,0,0,0,0,0,0
37792,10,29,52.16,5.2998,86.378,1347.2,2.75E+05,2.91E+05,2.53E+05,3.05E+05,1.43E+05,1.06E+05,0,52300,25900,8510,0,8280,0,8070,0,0,0,0,0,0,0,0,0,0,0,0,0,0
37793,10,29,53.16,5.3108,86.16,1347.1,4.05E+05,4.93E+05,3.62E+05,1.98E+05,1.96E+05,70900,17600,17500,8650,0,8420,0,0,0,0,0,0,0,0,0,0,0,0,0,0,0,0,0
37794,10,29,54.16,5.2793,86.451,1347.2,2.57E+05,3.82E+05,3.61E+05,1.97E+05,1.07E+05,70700,17500,0,0,8500,0,8280,0,0,0,0,0,0,0,0,0,0,0,0,0,0,0,0
37795,10,29,55.16,5.2854,86.442,1347.6,3.30E+05,4.19E+05,2.17E+05,1.61E+05,1.60E+05,70700,0,52300,0,0,8390,0,0,8060,0,0,0,2980,0,0,0,0,0,0,0,0,0,0
37796,10,29,56.16,5.2791,86.619,1347.6,2.20E+05,3.81E+05,3.25E+05,1.97E+05,1.07E+05,52900,35000,0,0,17000,0,0,0,0,0,0,0,0,0,0,0,0,0,0,0,0,0,0
37797,10,29,57.16,5.2851,86.563,1347.7,4.03E+05,4.00E+05,2.35E+05,1.25E+05,71100,0,0,17400,8610,0,0,0,0,0,0,0,0,0,0,0,2730,0,0,0,0,0,0,0
37798,10,29,58.16,5.2987,86.59,1347.8,3.84E+05,4.36E+05,3.79E+05,89500,71100,1.24E+05,0,17400,17200,0,0,0,0,0,0,0,0,0,0,0,0,0,0,0,0,0,0,0
37799,10,29,59.16,5.3125,87.004,1347.9,3.28E+05,4.52E+05,1.62E+05,1.07E+05,1.95E+05,87800,0,17300,17100,0,8330,0,0,0,0,0,0,0,0,0,0,1300,0,0,0,0,0,0
37800,10,30,0.16,5.3608,87.01,1347.7,3.28E+05,5.42E+05,1.44E+05,1.43E+05,35400,52700,0,51900,8570,0,0,0,0,0,0,0,0,0,0,0,0,0,0,0,0,0,0,0
37801,10,30,1.16,5.3458,87.401,1348,4.17E+05,3.60E+05,3.93E+05,1.42E+05,88000,1.05E+05,69400,34500,17100,8410,0,0,0,0,0,0,0,0,0,0,0,0,0,0,0,0,0,0
37802,10,30,2.16,5.3531,87.371,1347.9,2.90E+05,4.50E+05,3.57E+05,1.95E+05,88100,17500,52100,51700,0,0,0,0,0,0,0,0,0,0,0,0,0,0,0,0,0,0,0,0
37803,10,30,3.16,5.3285,87.507,1347.6,4.17E+05,5.03E+05,3.39E+05,1.59E+05,1.58E+05,34900,17300,17200,8520,16800,8290,0,0,7960,0,0,3040,0,0,0,0,0,0,0,0,0,0,0
37804,10,30,4.16,5.3411,87.36,1347.6,3.99E+05,3.24E+05,2.68E+05,1.77E+05,1.06E+05,87500,1.04E+05,34500,25600,16800,0,8190,0,0,0,0,0,0,0,0,0,0,0,0,0,0,0,0
37805,10,30,5.16,5.3421,87.647,1347.6,3.44E+05,3.95E+05,2.49E+05,1.41E+05,1.23E+05,1.22E+05,17300,85900,8500,8390,0,0,0,0,0,7750,0,0,0,0,0,0,0,0,0,0,0,0
37806,10,30,6.16,5.3517,87.823,1347.5,3.25E+05,2.33E+05,2.67E+05,88300,1.40E+05,69600,86400,34300,8490,0,8260,8150,0,0,0,0,0,0,0,0,0,0,0,0,0,0,0,0
37807,10,30,7.16,5.3767,87.82,1347.1,3.07E+05,4.30E+05,2.31E+05,1.59E+05,87600,34800,51800,34300,17000,0,0,8150,8040,0,0,0,0,0,0,0,0,0,0,0,0,0,0,0
37808,10,30,8.16,5.3833,87.968,1346.8,2.52E+05,4.29E+05,1.60E+05,1.23E+05,70000,1.22E+05,34500,1.03E+05,42400,8360,0,0,0,0,0,0,0,0,0,0,0,0,0,0,0,0,0,0
37809,10,30,9.16,5.3915,87.887,1347.2,2.34E+05,3.58E+05,2.67E+05,1.76E+05,70000,1.22E+05,1.04E+05,51400,8480,0,16500,0,0,0,0,0,0,0,0,0,0,0,0,0,0,0,0,0
37810,10,30,10.16,5.3787,87.775,1346.8,2.89E+05,4.12E+05,2.67E+05,1.06E+05,1.40E+05,1.22E+05,17300,0,8490,8380,0,0,8040,7940,0,0,0,0,0,0,0,0,0,0,0,0,0,0
37811,10,30,11.16,5.3581,87.638,1346.8,2.71E+05,5.03E+05,2.67E+05,2.83E+05,1.93E+05,87200,1.04E+05,51600,34000,16800,8270,8160,16100,7950,0,0,0,0,0,0,0,0,0,0,0,0,0,0
37812,10,30,12.16,5.321,87.819,1347.1,3.43E+05,5.73E+05,3.20E+05,1.94E+05,2.28E+05,1.04E+05,86400,68600,25500,0,8260,0,0,0,0,0,3030,0,0,2770,0,0,0,0,0,0,0,0
37813,10,30,13.16,5.3313,87.634,1346.8,3.62E+05,5.39E+05,4.10E+05,2.65E+05,2.28E+05,1.05E+05,1.04E+05,86000,42500,8390,8270,0,0,0,0,0,3030,0,0,0,0,0,0,0,0,0,0,0
37814,10,30,14.16,5.2909,88.027,1347.2,4.50E+05,3.57E+05,3.02E+05,1.41E+05,1.57E+05,1.22E+05,34500,68500,33900,0,0,8130,0,0,0,0,0,0,0,0,0,0,0,0,0,0,0,0
37815,10,30,15.16,5.2931,87.969,1347.3,2.88E+05,5.01E+05,3.73E+05,2.29E+05,87500,69500,1.21E+05,17100,16900,8360,0,0,0,0,0,7720,0,0,0,0,0,0,0,0,0,0,0,0
37816,10,30,16.16,5.2617,87.998,1347.3,2.52E+05,5.54E+05,1.77E+05,1.23E+05,1.22E+05,1.04E+05,1.72E+05,51400,8470,8350,0,0,0,0,0,7720,0,0,0,0,0,0,0,0,0,0,0,0
37817,10,30,17.16,5.2909,87.927,1348,3.60E+05,2.86E+05,2.13E+05,2.29E+05,1.58E+05,2.09E+05,1.38E+05,68500,25400,0,0,8140,0,0,0,0,0,0,0,0,0,0,0,0,0,0,0,0
37818,10,30,18.16,5.3131,87.776,1347.5,3.43E+05,3.05E+05,1.96E+05,1.77E+05,1.05E+05,1.22E+05,86400,85800,0,0,0,0,0,0,0,0,0,0,0,0,0,0,0,0,0,0,0,0
37819,10,30,19.16,5.2832,88.134,1347.6,3.42E+05,3.93E+05,4.25E+05,2.99E+05,69900,52000,1.55E+05,1.03E+05,25400,0,0,0,8010,0,0,0,0,0,0,0,0,0,0,0,0,0,0,0
37820,10,30,20.16,5.2635,88.208,1347.4,3.23E+05,3.75E+05,3.54E+05,1.76E+05,1.92E+05,86600,51600,51200,25400,8330,0,0,0,0,0,0,0,0,2840,0,0,0,0,0,0,0,0,0
37821,10,30,21.16,5.2517,88.078,1347.7,3.24E+05,4.82E+05,3.72E+05,2.64E+05,1.22E+05,86700,86100,51300,8460,8350,0,0,8020,7910,0,0,0,0,0,0,0,0,0,0,0,0,0,0
37822,10,30,22.16,5.2219,88.183,1347.5,2.34E+05,4.10E+05,3.54E+05,2.29E+05,1.40E+05,1.21E+05,1.38E+05,34200,16900,8340,0,0,0,0,0,0,0,0,0,0,0,0,1220,0,0,0,0,0
37823,10,30,23.16,5.2211,88.319,1347.7,2.69E+05,3.03E+05,2.48E+05,1.93E+05,1.74E+05,51900,1.03E+05,1.19E+05,25300,8320,0,0,0,0,0,0,0,0,0,0,0,0,0,0,0,0,0,0
37824,10,30,24.16,5.212,88.239,1347.8,3.59E+05,4.64E+05,2.65E+05,3.16E+05,1.92E+05,1.56E+05,1.03E+05,85400,8450,0,16400,0,0,0,0,0,0,0,0,0,0,0,0,0,0,0,0,0
37825,10,30,25.16,5.1993,88.404,1347.5,4.12E+05,3.91E+05,3.71E+05,3.16E+05,1.22E+05,1.56E+05,1.03E+05,17000,50600,8320,0,0,0,0,0,0,0,0,0,0,0,0,0,1160,0,0,0,0
37826,10,30,26.16,5.2096,88.641,1347.5,4.11E+05,3.90E+05,2.47E+05,2.10E+05,1.22E+05,1.21E+05,85600,68000,50500,8290,0,16100,0,0,0,0,0,0,0,0,0,0,0,0,0,0,0,0
37827,10,30,27.16,5.2406,88.739,1347.1,4.82E+05,2.48E+05,2.29E+05,2.27E+05,2.08E+05,1.72E+05,1.03E+05,84900,16800,0,16300,0,0,0,0,0,0,0,0,2740,0,0,0,0,0,0,0,0
37828,10,30,28.16,5.2884,88.641,1346.9,3.58E+05,4.08E+05,3.35E+05,2.45E+05,1.04E+05,1.38E+05,2.05E+05,17000,33600,8290,0,0,0,0,0,0,0,2910,0,0,0,0,0,0,0,0,0,0
37829,10,30,29.16,5.2765,89.044,1347.3,2.67E+05,4.24E+05,3.16E+05,2.26E+05,1.73E+05,85800,34100,84600,16700,8260,0,0,0,0,0,0,0,0,0,0,0,0,0,0,0,0,0,0
37830,10,30,30.16,5.299,89.098,1346.7,2.67E+05,2.12E+05,2.45E+05,3.13E+05,1.73E+05,1.37E+05,51100,16900,25100,0,8140,0,0,0,0,0,0,0,0,2730,0,0,0,0,0,0,0,0
37831,10,30,31.16,5.3148,88.986,1346.8,3.74E+05,4.42E+05,4.39E+05,1.92E+05,2.08E+05,1.37E+05,1.19E+05,16900,8380,0,8150,0,0,0,0,0,0,0,0,0,0,0,0,0,0,0,0,0
37832,10,30,32.16,5.3093,88.883,1347.6,2.50E+05,3.36E+05,3.87E+05,3.31E+05,1.73E+05,1.38E+05,68300,67800,0,0,0,0,0,0,0,0,2990,0,0,0,0,0,0,0,0,0,0,0
37833,10,30,33.16,5.2913,88.723,1347.2,3.75E+05,3.01E+05,4.05E+05,2.10E+05,1.04E+05,34400,17100,67900,0,0,0,0,0,0,0,0,0,0,0,0,0,0,0,0,0,0,0,0
37834,10,30,34.16,5.2504,88.763,1346.9,3.57E+05,6.91E+05,3.34E+05,1.92E+05,1.73E+05,86100,68400,1.19E+05,8400,8280,0,0,0,0,0,0,0,0,2820,0,0,0,0,0,0,0,0,0
37835,10,30,35.16,5.2327,88.897,1347.1,3.03E+05,4.78E+05,3.69E+05,2.09E+05,1.21E+05,34400,17100,16900,16800,0,0,8050,0,0,0,0,0,0,0,0,0,0,0,0,0,0,0,0
37836,10,30,36.16,5.2461,88.719,1347,1.96E+05,4.43E+05,4.40E+05,1.57E+05,86700,17200,68400,1.02E+05,33600,0,0,0,0,0,0,0,0,0,0,0,0,0,1210,0,0,0,0,0
37837,10,30,37.16,5.2602,88.754,1347.1,3.21E+05,4.43E+05,2.99E+05,34900,1.39E+05,17200,1.03E+05,50900,42000,8280,0,0,0,0,0,0,0,0,0,0,0,0,0,0,0,0,0,0
37838,10,30,38.16,5.3057,88.913,1347.2,1.96E+05,2.12E+05,2.63E+05,1.22E+05,1.04E+05,1.03E+05,51200,50800,16800,8270,8160,0,0,0,0,0,0,0,0,0,0,0,0,0,0,0,0,0
37839,10,30,39.16,5.3702,88.523,1347.4,1.61E+05,2.31E+05,3.35E+05,1.05E+05,1.04E+05,1.38E+05,68600,68100,25300,0,0,0,0,0,0,0,0,0,0,0,2670,0,0,0,0,0,0,0
37840,10,30,40.16,5.3219,88.84,1347.3,1.61E+05,3.01E+05,3.69E+05,1.74E+05,69300,51600,51200,33900,8390,8270,0,0,0,0,0,0,0,2900,0,0,0,0,0,0,0,0,0,0
37841,10,30,41.16,5.2985,89.221,1347.4,1.60E+05,2.47E+05,2.63E+05,1.56E+05,86300,17100,68000,50700,25100,0,0,0,0,0,0,0,0,0,0,0,0,0,0,0,0,0,0,0
37842,10,30,42.16,5.2997,89.098,1347.4,2.13E+05,3.35E+05,2.98E+05,2.09E+05,51800,1.03E+05,1.02E+05,50700,33500,0,0,0,0,0,0,0,0,0,0,0,0,0,0,0,0,0,0,0
37843,10,30,43.16,5.2936,89.067,1347.3,2.14E+05,4.24E+05,3.86E+05,1.57E+05,1.21E+05,1.20E+05,1.36E+05,33800,0,0,0,0,0,0,0,0,0,0,0,0,0,0,0,0,0,0,0,0
37844,10,30,44.16,5.2975,89.068,1347.7,1.07E+05,3.89E+05,2.45E+05,1.74E+05,2.25E+05,1.20E+05,68100,50700,8370,8250,0,0,0,0,0,0,0,0,0,0,0,0,0,0,0,0,0,0
37845,10,30,45.16,5.3478,88.778,1347.4,1.96E+05,5.14E+05,3.69E+05,1.57E+05,1.04E+05,1.89E+05,34200,50900,25200,0,0,0,0,0,0,0,2990,0,0,0,0,0,0,0,0,0,0,0
37846,10,30,46.16,5.3029,89.387,1347.6,1.77E+05,2.64E+05,4.02E+05,2.08E+05,1.72E+05,1.03E+05,67900,33700,25000,0,0,0,0,0,0,0,0,0,0,0,0,0,0,0,0,0,0,0
37847,10,30,47.16,5.3473,88.862,1347.3,1.78E+05,4.07E+05,3.34E+05,2.44E+05,1.56E+05,2.41E+05,1.02E+05,50900,0,24800,0,8050,0,0,0,0,0,0,0,0,0,0,0,0,0,0,0,0
37848,10,30,48.16,5.3385,88.701,1347.2,2.14E+05,3.19E+05,3.52E+05,1.57E+05,1.74E+05,1.03E+05,85500,17000,0,0,8180,0,0,0,0,0,0,0,0,0,0,0,0,0,0,0,0,0
37849,10,30,49.16,5.3125,88.636,1347.5,2.15E+05,2.48E+05,3.35E+05,4.20E+05,1.74E+05,1.90E+05,85600,68000,33600,8290,0,8070,0,0,0,0,0,0,0,0,0,0,0,0,0,0,0,0
37850,10,30,50.16,5.3091,88.441,1347.3,1.61E+05,3.91E+05,4.24E+05,4.38E+05,2.78E+05,2.25E+05,34300,34100,8430,8310,0,8090,7980,0,0,0,3000,0,0,0,0,0,0,0,0,0,0,0
37851,10,30,51.16,5.3199,88.677,1347.3,3.22E+05,4.79E+05,3.35E+05,4.20E+05,2.95E+05,1.38E+05,51300,68000,8410,0,0,0,0,0,0,0,0,0,0,0,0,0,0,0,0,0,0,0
37852,10,30,52.16,5.3063,89.274,1346.8,2.49E+05,4.05E+05,4.37E+05,4.69E+05,2.76E+05,1.37E+05,85000,0,16700,8230,0,0,0,0,0,0,0,0,0,0,0,0,0,0,0,0,0,0
37853,10,30,53.16,5.3212,89.213,1347.4,2.49E+05,3.88E+05,5.08E+05,4.34E+05,2.42E+05,1.03E+05,68000,67500,16700,0,0,0,0,7810,0,0,2980,0,0,0,0,0,0,0,0,0,0,0
37854,10,30,54.16,5.3318,88.879,1347.2,2.85E+05,8.14E+05,4.04E+05,2.44E+05,3.29E+05,2.24E+05,34100,50900,8390,16500,8160,0,0,0,0,0,2990,0,0,0,0,1280,0,0,0,0,0,0
37855,10,30,55.16,5.302,88.893,1347.3,1.96E+05,4.25E+05,4.39E+05,5.06E+05,2.42E+05,1.20E+05,85300,0,16800,0,8160,8050,0,0,7740,0,0,0,0,0,0,0,0,0,0,0,0,0
37856,10,30,56.16,5.3017,88.885,1347.8,2.85E+05,4.78E+05,5.27E+05,5.06E+05,3.46E+05,1.03E+05,51200,0,8390,0,0,0,0,0,0,0,0,0,0,0,0,0,0,0,0,0,0,0
37857,10,30,57.16,5.3214,89.278,1347.9,2.31E+05,4.23E+05,4.72E+05,5.21E+05,1.72E+05,1.03E+05,68000,16900,0,8230,0,8010,0,0,0,0,0,0,0,0,0,0,0,0,0,0,0,0
37858,10,30,58.16,5.3804,89.041,1347.7,2.31E+05,4.06E+05,4.38E+05,5.75E+05,2.77E+05,85800,51100,16900,25100,0,0,0,0,0,0,0,2980,0,0,0,0,0,0,0,0,0,0,0
37859,10,30,59.16,5.3869,89.062,1347.7,2.49E+05,4.95E+05,5.44E+05,5.05E+05,3.80E+05,68600,85200,16900,16700,8250,0,0,0,0,7720,0,0,0,0,0,0,0,0,0,0,0,0,0
37860,10,31,0.16,5.3749,88.941,1348.1,3.39E+05,4.07E+05,4.92E+05,4.36E+05,2.25E+05,51500,51200,67800,16800,0,8150,8040,0,0,0,0,0,0,0,0,0,0,0,0,0,0,0,0
37861,10,31,1.16,5.3681,88.868,1348.4,2.85E+05,5.13E+05,4.92E+05,4.54E+05,86600,1.20E+05,85400,33900,16800,0,0,0,0,0,0,0,0,0,0,0,0,0,0,0,0,0,0,0
37862,10,31,2.16,5.3719,88.948,1348,1.60E+05,3.01E+05,4.92E+05,4.88E+05,1.56E+05,1.03E+05,51200,50800,16800,8260,0,0,0,7830,0,0,0,0,0,0,0,0,0,0,0,0,0,0
37863,10,31,3.16,5.3835,88.677,1347.8,2.32E+05,2.84E+05,4.23E+05,3.85E+05,1.74E+05,51700,85500,0,16800,8290,0,0,0,0,0,0,0,0,0,0,2660,0,0,0,0,0,0,0
37864,10,31,4.16,5.3584,88.4,1348.1,3.23E+05,4.63E+05,4.95E+05,5.61E+05,2.61E+05,1.04E+05,85800,34100,33700,33300,0,8090,0,0,0,0,0,0,0,0,0,1280,0,0,0,0,0,0
37865,10,31,5.16,5.3306,88.663,1348.6,1.97E+05,2.84E+05,3.52E+05,5.07E+05,2.78E+05,1.38E+05,34200,85000,16800,8290,0,0,0,7860,0,0,0,0,0,0,0,0,0,0,0,0,0,0
37866,10,31,6.16,5.354,88.648,1348.3,3.40E+05,4.08E+05,4.93E+05,5.25E+05,1.91E+05,1.38E+05,51300,17000,25200,24900,8180,0,0,0,0,0,3000,0,0,0,0,0,0,0,0,0,0,0
37867,10,31,7.16,5.3497,88.573,1348,2.33E+05,4.97E+05,3.70E+05,3.85E+05,2.26E+05,51800,51400,51000,16800,24900,0,8080,0,0,0,0,0,0,0,0,0,0,0,0,0,0,0,0
37868,10,31,8.16,5.3814,88.153,1347.9,2.70E+05,4.10E+05,5.85E+05,5.10E+05,2.27E+05,52000,34400,34200,42300,8340,8230,0,0,0,0,0,0,0,0,0,0,0,0,0,0,0,0,0
37869,10,31,9.16,5.3574,88.198,1347.5,3.95E+05,4.64E+05,4.43E+05,5.10E+05,3.14E+05,1.56E+05,0,85400,8450,8330,8220,0,0,0,0,0,0,0,0,0,0,0,0,0,0,0,0,0
37870,10,31,10.16,5.3536,87.925,1347.4,2.16E+05,3.22E+05,4.08E+05,4.94E+05,1.93E+05,1.39E+05,69000,34300,42400,25100,8250,0,0,0,0,0,0,0,0,0,0,0,0,0,0,0,0,0
37871,10,31,11.16,5.3323,88.211,1347.2,2.69E+05,3.74E+05,4.78E+05,4.57E+05,2.27E+05,1.91E+05,51600,17100,0,0,0,16200,0,0,0,0,0,0,2840,0,0,0,0,0,0,0,0,0
37872,10,31,12.16,5.3204,88.368,1346.8,3.05E+05,3.56E+05,4.06E+05,2.81E+05,2.26E+05,86500,68700,17000,33700,0,8210,8100,0,0,0,7680,0,0,0,0,0,1280,0,0,0,0,0,0
37873,10,31,13.16,5.3368,88.243,1346.6,1.62E+05,4.10E+05,4.07E+05,2.99E+05,2.62E+05,1.73E+05,34400,51200,8450,8330,0,0,0,0,0,0,0,0,0,2750,0,0,0,0,0,0,0,0
37874,10,31,14.16,5.3537,88.61,1346.8,2.15E+05,4.79E+05,2.82E+05,4.72E+05,2.95E+05,1.55E+05,85600,34000,16800,0,16400,0,7970,0,0,0,0,0,0,0,0,0,0,0,0,0,0,0
37875,10,31,15.16,5.4204,88.483,1346.2,2.69E+05,2.84E+05,3.53E+05,3.85E+05,2.26E+05,1.55E+05,85700,51100,16800,8310,8200,0,0,0,0,0,0,0,0,0,0,0,0,0,0,0,0,0
37876,10,31,16.16,5.4102,89.03,1347.2,1.42E+05,3.18E+05,4.38E+05,5.05E+05,2.25E+05,1.20E+05,51100,33800,16700,8260,8140,0,7930,0,0,0,0,0,0,0,0,0,0,0,0,0,0,0
37877,10,31,17.16,5.4611,88.823,1347,1.61E+05,3.36E+05,3.16E+05,3.84E+05,2.95E+05,1.03E+05,85400,17000,16800,8280,0,8050,0,0,0,0,0,0,0,0,0,0,0,0,0,0,0,0
37878,10,31,18.16,5.4867,88.628,1346.8,1.43E+05,3.90E+05,4.23E+05,2.62E+05,2.26E+05,69000,34200,17000,16800,8290,0,8070,0,0,0,0,0,0,0,0,0,0,0,0,0,0,0,0
37879,10,31,19.16,5.4923,88.218,1347.1,1.44E+05,4.64E+05,3.54E+05,3.51E+05,1.22E+05,1.39E+05,86000,68300,33800,0,0,0,0,0,0,0,0,0,0,0,0,0,0,0,0,0,0,0
37880,10,31,20.16,5.4844,88.051,1346.7,1.62E+05,2.50E+05,3.37E+05,4.75E+05,52400,86800,68900,85500,8470,0,0,0,0,0,0,0,0,0,0,0,0,0,0,0,0,0,0,0
37881,10,31,21.16,5.4729,88.061,1347,2.70E+05,4.47E+05,3.01E+05,3.52E+05,1.57E+05,86800,68900,34200,25400,16700,0,0,0,7910,0,0,0,0,0,0,0,0,0,0,0,0,0,0
37882,10,31,22.16,5.4637,88.289,1347.1,1.08E+05,1.96E+05,4.60E+05,2.63E+05,1.39E+05,34600,34400,51200,8440,0,0,0,0,0,0,0,0,0,0,0,0,0,0,0,0,0,394,0
37883,10,31,23.16,5.4701,88.106,1347,1.26E+05,2.86E+05,3.37E+05,1.94E+05,69900,52000,34400,34200,25400,16700,0,0,0,0,0,0,0,0,0,0,0,0,0,0,0,0,0,0
37884,10,31,24.16,5.4275,88.379,1346.8,53800,2.67E+05,2.83E+05,3.16E+05,1.39E+05,1.04E+05,34300,17000,8430,8320,0,0,0,0,0,0,0,0,0,0,0,1280,0,0,0,0,0,0
37885,10,31,25.16,5.4673,87.764,1347.2,1.08E+05,3.05E+05,2.31E+05,2.47E+05,70100,52200,0,34300,25500,8380,0,0,8040,0,0,0,0,0,0,0,0,0,0,0,0,0,0,0
37886,10,31,26.16,5.4262,88.422,1347.3,1.25E+05,2.13E+05,2.12E+05,3.16E+05,1.04E+05,86400,34300,0,25300,8310,8200,0,7980,0,0,0,0,0,0,0,0,0,0,0,0,0,0,0
37887,10,31,27.16,5.4546,88.474,1347.1,89600,1.78E+05,3.00E+05,1.58E+05,1.22E+05,86400,17100,0,8420,8310,0,0,0,0,0,0,0,0,0,0,0,0,0,0,0,0,0,0
37888,10,31,28.16,5.4732,88.704,1346.8,89300,1.06E+05,1.58E+05,2.10E+05,1.74E+05,86100,34200,0,16800,16600,0,0,0,0,0,0,0,2910,0,0,0,0,1210,0,0,0,392,0
37889,10,31,29.16,5.5206,88.434,1346.3,71700,1.60E+05,2.30E+05,3.16E+05,1.04E+05,51800,34300,17000,25300,49900,16400,0,0,0,0,0,0,0,0,0,0,0,0,0,0,0,0,0
37890,10,31,30.16,5.5289,88.444,1346.6,71700,1.78E+05,1.41E+05,1.58E+05,69600,51800,68600,0,16900,8310,0,8090,0,0,0,0,0,0,0,0,0,0,0,0,0,0,0,0
37891,10,31,31.16,5.5499,88.381,1346.5,1.08E+05,2.14E+05,1.94E+05,2.10E+05,1.39E+05,51900,0,17000,16900,8320,0,8090,0,0,0,0,0,0,0,0,0,0,0,0,0,0,0,0
37892,10,31,32.16,5.5425,88.447,1346.1,53800,1.78E+05,70600,87600,1.57E+05,51800,85800,17000,8430,8310,16400,0,0,7880,0,0,0,0,0,0,0,0,0,0,0,0,0,0
37893,10,31,33.16,5.5404,88.356,1346,1.08E+05,1.60E+05,88400,2.28E+05,1.22E+05,1.21E+05,0,0,0,8320,8210,0,0,0,0,0,3010,0,0,0,0,0,0,0,0,0,0,0
37894,10,31,34.16,5.5634,87.637,1345.7,90400,1.44E+05,53500,1.06E+05,1.40E+05,69700,0,17200,8510,8390,8270,0,0,0,0,0,0,0,0,0,0,0,0,0,0,0,0,0
37895,10,31,35.16,5.534,87.346,1345.4,72600,1.26E+05,1.61E+05,1.42E+05,1.06E+05,52500,17400,17200,8530,0,0,0,0,0,0,0,0,0,0,0,0,0,0,0,0,0,0,0
37896,10,31,36.16,5.4526,87.478,1345.6,54300,89900,1.61E+05,1.59E+05,1.23E+05,69900,34700,51700,25600,0,0,0,0,0,0,0,3040,0,0,0,0,0,0,0,0,0,0,0
37897,10,31,37.16,5.4449,87.506,1345.7,90500,1.08E+05,1.25E+05,88600,70400,87300,34700,0,17000,0,0,32700,0,0,0,0,0,0,0,0,0,0,0,0,0,0,0,0
37898,10,31,38.16,5.4682,87.698,1345.6,18100,1.61E+05,1.60E+05,2.12E+05,87700,87100,34600,34400,25500,8380,8270,0,0,0,0,0,0,0,0,0,0,0,0,0,0,0,0,0
37899,10,31,39.16,5.4938,87.426,1345.9,54400,1.08E+05,71400,2.66E+05,1.23E+05,87400,34700,34500,25600,8410,0,8180,0,0,0,0,0,0,0,0,0,0,0,0,0,0,0,0
37900,10,31,40.16,5.5117,87.026,1345.5,54600,54200,1.26E+05,2.14E+05,1.24E+05,1.05E+05,34900,69200,17100,0,0,8220,0,0,7900,0,0,0,0,0,0,0,0,0,0,0,0,0
37901,10,31,41.16,5.4875,87.348,1346.1,54400,1.08E+05,89400,2.66E+05,1.59E+05,0,86800,69000,8530,8420,8300,0,0,0,0,0,0,0,0,0,0,0,0,0,0,0,0,0
37902,10,31,42.16,5.472,87.431,1346.3,54400,90000,2.50E+05,1.24E+05,1.41E+05,1.22E+05,17400,17200,0,16800,8290,0,0,0,0,0,0,0,0,0,0,0,0,0,0,0,0,0
37903,10,31,43.16,5.4356,87.653,1346.9,72300,35900,1.43E+05,2.48E+05,1.23E+05,69700,17300,17200,17000,0,16500,0,0,0,0,0,0,0,0,0,0,0,0,0,0,0,0,0
37904,10,31,44.16,5.4358,87.436,1346.8,1.09E+05,1.26E+05,1.43E+05,1.77E+05,1.76E+05,1.05E+05,86800,17200,8520,0,0,0,0,0,0,0,0,0,0,0,0,0,0,0,0,0,0,0
37905,10,31,45.16,5.4,87.573,1347.1,90500,18000,1.25E+05,1.77E+05,2.11E+05,69800,17300,68800,0,8390,0,0,0,0,0,0,0,0,0,0,0,0,1230,0,0,0,0,0
37906,10,31,46.16,5.3515,87.688,1347.1,1.45E+05,1.44E+05,1.78E+05,1.77E+05,87800,1.22E+05,86500,17200,17000,8380,8270,0,8050,0,0,0,0,0,0,0,0,0,0,0,0,0,0,0
37907,10,31,47.16,5.3219,87.666,1347.3,54200,1.44E+05,71300,2.48E+05,1.23E+05,1.39E+05,34600,0,17000,8390,0,0,0,0,0,0,0,0,0,0,0,0,0,0,0,0,0,0
37908,10,31,48.16,5.2858,87.656,1347.1,1.08E+05,1.44E+05,1.96E+05,1.24E+05,52700,87200,1.38E+05,34400,25500,0,0,0,8050,0,0,0,3030,0,0,2770,0,0,0,0,0,0,0,0
37909,10,31,49.16,5.2528,87.63,1347.2,90400,1.26E+05,1.07E+05,3.01E+05,1.05E+05,1.40E+05,51900,0,8510,16800,0,0,0,0,0,0,0,0,0,0,0,0,0,0,0,0,0,0
37910,10,31,50.16,5.2579,87.536,1346.4,90500,1.44E+05,1.43E+05,1.95E+05,1.23E+05,1.05E+05,52000,68800,8520,0,0,8170,0,0,0,7760,0,0,0,0,0,0,0,0,0,0,0,0
37911,10,31,51.16,5.2557,87.391,1346.6,54400,90000,1.25E+05,2.13E+05,88100,1.05E+05,69400,0,25600,8410,8300,0,0,0,0,7770,0,0,0,0,0,0,0,0,0,0,0,0
37912,10,31,52.16,5.2403,87.465,1346.4,54400,1.26E+05,89300,1.24E+05,1.76E+05,34900,34700,0,8520,25200,8290,0,0,7970,0,0,0,0,0,0,0,0,0,0,0,0,0,0
37913,10,31,53.16,5.2174,87.504,1346.1,72400,71900,1.43E+05,1.77E+05,1.58E+05,1.40E+05,69400,51600,34100,8400,0,0,0,7960,0,0,0,0,0,0,0,0,0,0,0,0,0,0
37914,10,31,54.16,5.2407,87.113,1346,1.27E+05,72200,1.08E+05,2.49E+05,88300,1.40E+05,34800,17300,17100,0,8320,8210,0,8000,0,0,0,0,0,0,0,0,0,0,0,0,0,0
37915,10,31,55.16,5.2187,87.414,1346.2,36300,0,1.07E+05,88700,1.41E+05,35000,1.04E+05,0,34100,25200,8300,0,0,0,0,0,0,0,0,0,0,0,0,0,0,0,0,0
37916,10,31,56.16,5.2125,87.581,1346.4,1.45E+05,35900,1.07E+05,1.95E+05,1.76E+05,87200,17300,34400,59600,33600,16600,0,0,0,7850,0,0,0,0,0,0,0,0,0,0,0,0,0
37917,10,31,57.16,5.2023,87.582,1346.5,90500,89800,17800,1.59E+05,1.41E+05,34900,17300,34400,17000,8390,8280,0,0,0,0,0,6070,0,0,0,0,0,0,0,0,0,0,0
37918,10,31,58.16,5.2137,87.525,1346.6,36200,1.44E+05,1.43E+05,1.77E+05,1.23E+05,0,1.04E+05,17200,25500,25200,0,0,0,0,0,0,0,0,0,0,0,0,0,0,0,0,0,0
37919,10,31,59.16,5.2116,87.677,1346.5,54200,1.79E+05,89100,1.06E+05,1.40E+05,69700,34600,51500,8500,25200,0,8160,0,0,0,0,3030,0,0,0,0,0,0,0,0,0,0,0
37920,10,32,0.16,5.225,87.688,1346.2,90400,1.08E+05,1.25E+05,1.59E+05,1.23E+05,1.05E+05,34600,34400,8500,16800,0,0,0,0,0,0,0,0,0,0,0,0,0,0,0,0,0,0
37921,10,32,1.16,5.2624,87.675,1346.4,1.63E+05,89700,1.25E+05,53000,1.76E+05,17400,51900,17200,42500,0,0,0,0,0,0,0,0,0,0,0,0,0,0,0,0,0,0,0
37922,10,32,2.16,5.312,87.531,1346.1,54300,1.62E+05,35700,1.06E+05,1.05E+05,69800,34700,17200,8520,0,8280,8170,0,0,0,0,0,0,0,0,0,0,0,0,0,0,0,0
37923,10,32,3.16,5.3394,87.508,1346.3,72400,1.44E+05,1.07E+05,1.42E+05,52800,52400,34700,34400,17000,8400,16600,0,8070,0,0,0,0,0,0,0,0,0,0,0,0,0,0,0
37924,10,32,4.16,5.3182,87.545,1345.9,1.81E+05,53900,1.96E+05,1.06E+05,1.41E+05,52400,17300,68800,8510,8400,8280,0,0,0,0,0,3040,0,0,0,0,0,0,0,0,0,0,0
37925,10,32,5.16,5.2902,87.542,1346.4,1.09E+05,1.08E+05,89200,88500,70300,0,1.04E+05,1.03E+05,17000,0,8280,8170,8060,0,7860,0,0,0,0,0,0,0,0,1170,0,0,0,0
37926,10,32,6.16,5.2791,87.472,1345.8,90600,89900,1.25E+05,70900,1.06E+05,34900,34700,51700,8520,25200,16600,0,8070,0,0,0,0,0,0,0,0,0,0,0,0,0,0,0
37927,10,32,7.16,5.2598,87.59,1345.5,0,89800,89100,70800,87900,52300,69300,17200,17000,16800,0,0,8060,0,0,0,0,0,0,0,0,0,0,0,0,0,0,0
37928,10,32,8.16,5.2746,87.427,1344.9,90600,1.08E+05,1.43E+05,1.42E+05,88000,1.05E+05,0,17200,34100,8410,0,0,8070,0,0,0,0,0,0,0,0,0,0,0,0,0,0,0
37929,10,32,9.16,5.336,86.855,1344.2,91200,1.09E+05,89900,89200,1.42E+05,52800,34900,0,8580,8460,8350,0,0,0,0,0,0,0,0,0,0,0,0,0,0,0,0,0
37930,10,32,10.16,5.3277,86.914,1343.4,1.46E+05,90500,89800,1.07E+05,1.42E+05,1.76E+05,34900,52000,34300,8460,0,0,0,0,0,0,0,0,0,0,0,0,0,0,0,0,0,0
37931,10,32,11.16,5.3625,86.746,1343.3,18300,1.27E+05,1.26E+05,1.43E+05,1.77E+05,1.23E+05,0,34700,8590,0,0,0,0,0,0,0,0,0,0,0,0,0,0,0,0,0,0,0
37932,10,32,12.16,5.4028,86.717,1342.8,1.10E+05,1.45E+05,1.08E+05,89400,71000,70500,52500,0,25800,8480,8360,0,8140,0,0,0,0,0,0,0,0,0,0,0,0,0,0,0
37933,10,32,13.16,5.4496,86.706,1342.5,91400,1.09E+05,0,89400,1.24E+05,70500,87500,17400,17200,8480,0,8250,0,8040,0,0,0,0,0,0,0,0,0,0,0,0,0,0
37934,10,32,14.16,5.3584,87.338,1343.2,1.45E+05,36000,1.07E+05,17700,1.41E+05,87500,0,17200,17100,0,0,0,0,0,0,7770,0,0,0,0,0,0,0,0,0,0,0,0
37935,10,32,15.16,5.2647,87.784,1343.7,1.08E+05,71700,35600,88300,1.40E+05,52200,17300,51500,17000,8370,0,0,8040,0,0,0,0,0,0,2770,0,0,0,0,0,0,0,0
37936,10,32,16.16,5.3093,87.004,1343.9,1.09E+05,1.99E+05,1.26E+05,1.07E+05,2.30E+05,70300,87200,34600,8570,16900,8330,16400,0,0,7910,0,3050,0,0,0,0,0,0,0,0,0,0,0
37937,10,32,17.16,5.2632,87.506,1344,72400,1.08E+05,1.43E+05,1.24E+05,70400,69800,1.04E+05,86100,17000,0,0,8180,0,0,15700,0,0,0,0,0,0,0,0,0,0,0,0,0
37938,10,32,18.16,5.2434,87.209,1344.6,1.09E+05,90200,35800,88900,1.41E+05,1.23E+05,17400,86400,17100,8430,0,0,0,0,0,0,3050,0,0,0,0,0,0,0,0,0,0,0
37939,10,32,19.16,5.1604,87.576,1345.1,36200,53900,1.07E+05,1.06E+05,1.23E+05,1.57E+05,1.56E+05,86000,25500,8390,16600,24500,0,7960,7850,0,3030,0,0,0,0,0,0,0,0,0,0,0
37940,10,32,20.16,5.0707,87.919,1345.9,1.80E+05,1.43E+05,71000,1.23E+05,1.23E+05,1.39E+05,1.55E+05,51400,25400,8360,16500,0,16100,0,0,0,0,0,0,0,0,0,0,0,0,0,0,0
37941,10,32,21.16,5.1365,87.618,1346,90400,71800,1.43E+05,1.59E+05,1.23E+05,87200,17300,51600,25500,8390,0,0,0,0,0,0,0,0,5710,0,0,0,0,0,0,0,0,0
37942,10,32,22.16,5.1974,87.285,1345.8,1.09E+05,36000,71600,88800,70500,1.23E+05,1.39E+05,17300,42700,25300,16600,0,0,0,7880,7780,0,0,0,0,0,0,0,0,0,0,0,0
37943,10,32,23.16,5.2193,87.409,1345.2,90600,90000,89300,53200,1.41E+05,1.57E+05,69400,34500,42600,25200,0,0,8080,0,0,0,0,0,0,0,0,0,0,0,0,0,0,0
37944,10,32,24.16,5.2089,87.421,1345.1,72500,1.08E+05,89300,1.24E+05,1.06E+05,1.57E+05,1.56E+05,51700,17100,0,16600,24600,0,0,7870,0,0,0,0,0,0,0,0,0,0,0,0,0
37945,10,32,25.16,5.2306,87.483,1345.2,36200,1.26E+05,1.07E+05,1.06E+05,1.06E+05,69900,86700,51700,25600,8400,8290,0,0,0,0,0,0,2950,0,0,0,0,0,0,0,0,0,0
37946,10,32,26.16,5.2688,87.588,1345.1,18100,1.44E+05,89100,1.59E+05,1.05E+05,1.74E+05,69300,1.38E+05,25500,25200,24800,0,8060,0,0,0,0,2940,0,0,0,0,0,0,0,0,0,0
37947,10,32,27.16,5.3182,87.283,1345.1,1.45E+05,1.08E+05,1.25E+05,1.07E+05,1.23E+05,1.23E+05,34800,17300,34200,8420,0,0,0,7980,0,0,0,0,0,0,0,0,0,0,0,0,0,0
37948,10,32,28.16,5.3333,87.357,1345.1,90700,1.44E+05,1.61E+05,1.77E+05,1.06E+05,87500,52100,69000,17100,16800,16600,0,0,0,0,0,0,0,2860,0,0,1300,0,0,0,0,0,0
37949,10,32,29.16,5.344,87.29,1345.2,1.27E+05,1.08E+05,1.43E+05,88800,1.23E+05,87500,1.39E+05,17300,59800,16800,16600,8200,8090,0,0,0,0,0,0,0,2710,0,0,0,0,0,0,0
37950,10,32,30.16,5.3457,87.162,1345.3,90900,1.80E+05,1.25E+05,88900,53000,1.58E+05,69600,51900,25700,33700,16600,8210,8100,0,7890,0,0,0,0,2790,0,0,0,0,0,0,0,0
37951,10,32,31.16,5.3545,87.145,1345.6,1.09E+05,1.62E+05,1.25E+05,1.42E+05,1.77E+05,87700,69600,34600,59900,8440,8320,0,0,0,0,0,0,0,2870,0,0,0,0,0,0,0,0,0
37952,10,32,32.16,5.35,87.187,1346.1,1.09E+05,1.08E+05,89600,88900,88300,87600,1.22E+05,34600,59800,25300,8320,0,0,0,0,0,0,0,0,0,0,0,0,0,0,0,0,0
37953,10,32,33.16,5.2822,87.898,1346.2,90100,2.15E+05,1.07E+05,1.23E+05,70000,52200,69000,34300,42400,33500,16500,8140,8030,0,0,0,0,2930,0,0,0,0,1230,0,0,0,0,0
37954,10,32,34.16,5.3156,87.602,1345.9,90500,35900,1.78E+05,1.42E+05,87800,87200,1.91E+05,51600,17000,42000,0,8170,0,0,0,7750,0,0,0,0,0,0,0,0,0,0,0,0
37955,10,32,35.16,5.3582,87.341,1346.1,54400,1.08E+05,71500,71000,52900,1.22E+05,1.56E+05,86200,51200,16800,0,16400,0,0,0,0,0,0,0,2780,0,0,0,0,0,0,0,0
37956,10,32,36.16,5.4154,87.353,1346,1.27E+05,1.08E+05,53600,1.24E+05,88100,1.22E+05,52100,51700,42700,0,0,0,0,0,0,0,0,0,0,0,0,0,0,0,0,0,0,0
37957,10,32,37.16,5.4571,87.399,1345.4,1.27E+05,1.80E+05,1.25E+05,71000,70400,1.22E+05,1.04E+05,51700,17100,8410,8300,24600,8080,0,0,0,3040,0,0,0,0,0,0,0,0,0,0,0
37958,10,32,38.16,5.4989,87.338,1345.4,1.63E+05,72000,71500,35500,52900,1.22E+05,1.56E+05,86200,17100,25300,0,0,8080,0,0,0,0,0,0,0,0,0,0,0,0,0,0,0
37959,10,32,39.16,5.5626,87.62,1345,1.27E+05,1.62E+05,1.78E+05,1.24E+05,0,1.57E+05,1.04E+05,34400,68100,25200,0,8170,0,0,0,0,0,0,0,0,0,0,0,0,0,0,0,0
37960,10,32,40.16,5.6908,86.82,1344.3,1.28E+05,1.81E+05,89900,89300,88600,1.06E+05,69900,52100,60100,16900,8350,8240,0,0,0,0,3060,0,0,0,0,0,0,0,0,0,0,0
37961,10,32,41.16,5.6217,87.891,1344,72100,1.97E+05,1.78E+05,1.59E+05,52500,34800,69100,85700,1.02E+05,8360,16500,0,0,0,0,0,0,0,0,0,0,0,0,0,0,0,0,0
37962,10,32,42.16,5.6913,87.253,1344.2,1.27E+05,54100,1.43E+05,2.49E+05,88200,1.23E+05,1.04E+05,34500,68300,0,8310,8200,8090,0,0,7780,0,0,0,0,0,0,0,0,0,0,0,0
37963,10,32,43.16,5.7155,86.62,1344,54900,2.36E+05,1.08E+05,1.43E+05,53300,2.12E+05,1.75E+05,34800,25800,17000,0,8260,0,0,0,0,0,0,0,0,0,0,0,0,0,0,0,0
37964,10,32,44.16,5.6688,86.993,1344.3,72900,2.17E+05,1.44E+05,1.07E+05,1.24E+05,1.41E+05,1.05E+05,2.77E+05,77100,16900,8340,16400,0,0,0,0,0,0,0,0,0,0,0,0,0,0,0,0
37965,10,32,45.16,5.6211,87.047,1343.9,72800,54200,35900,1.25E+05,2.30E+05,87800,1.39E+05,86500,34300,8450,8330,8220,8110,0,0,0,0,0,0,0,0,0,0,0,0,0,0,0
37966,10,32,46.16,5.6542,86.781,1344,36500,90600,90000,53600,88700,1.41E+05,2.10E+05,1.04E+05,68700,25400,16700,8240,0,0,0,0,0,0,0,0,0,0,0,0,0,0,0,0
37967,10,32,47.16,5.6395,87.089,1344,2.37E+05,1.99E+05,1.08E+05,1.07E+05,1.24E+05,87700,1.57E+05,1.21E+05,51400,25300,0,8210,8110,0,0,0,0,0,0,0,2710,0,0,0,0,0,0,0
37968,10,32,48.16,5.6282,87.256,1344.3,1.09E+05,1.80E+05,1.97E+05,88800,1.59E+05,1.58E+05,1.91E+05,69100,94000,16800,16600,0,0,0,0,0,0,0,2870,0,0,1300,0,0,0,0,0,0
37969,10,32,49.16,5.6498,86.578,1344.6,1.28E+05,72700,54100,1.43E+05,88900,2.29E+05,1.75E+05,69600,43000,17000,0,0,0,0,0,0,0,0,0,0,0,0,0,0,0,0,0,0
37970,10,32,50.16,5.5757,86.568,1344.9,91500,1.27E+05,1.44E+05,1.43E+05,1.96E+05,2.47E+05,1.23E+05,1.04E+05,51700,25500,0,0,0,0,0,0,0,0,0,0,0,0,0,0,0,0,0,0
37971,10,32,51.16,5.5324,86.377,1345.1,91700,1.82E+05,1.27E+05,1.08E+05,1.25E+05,1.06E+05,2.28E+05,87200,8630,8510,16800,8280,0,0,0,0,0,0,0,0,0,0,0,0,0,0,0,0
37972,10,32,52.16,5.5132,86.495,1345.6,1.47E+05,1.09E+05,1.26E+05,1.61E+05,1.07E+05,1.77E+05,1.23E+05,1.22E+05,77600,34000,16800,16500,0,0,0,0,0,0,0,0,2730,0,0,0,0,0,0,0
37973,10,32,53.16,5.4222,86.802,1346.1,1.46E+05,54400,2.16E+05,1.79E+05,88700,2.29E+05,1.22E+05,52100,85900,16900,16700,0,0,0,0,0,0,0,0,0,0,0,0,0,0,0,0,0
37974,10,32,54.16,5.4215,86.896,1346.4,54700,90500,1.08E+05,1.96E+05,88600,1.41E+05,1.75E+05,1.91E+05,77200,16900,8340,8230,8120,8020,0,0,0,0,0,0,0,0,0,0,0,0,0,0
37975,10,32,55.16,5.3761,87.006,1346.8,36400,1.63E+05,71800,1.60E+05,70800,2.81E+05,17400,1.56E+05,77100,8450,0,8220,0,8010,0,0,0,0,0,0,0,0,0,0,0,1080,0,0
37976,10,32,56.16,5.3802,86.954,1346.8,1.64E+05,1.45E+05,71800,1.25E+05,2.12E+05,1.76E+05,1.05E+05,69300,42900,59200,16700,8230,0,0,0,7810,3060,0,0,0,0,0,0,0,0,0,0,0
37977,10,32,57.16,5.4002,86.564,1346.5,1.83E+05,1.27E+05,1.80E+05,2.51E+05,3.38E+05,2.65E+05,1.58E+05,87000,86100,34000,8380,16500,8160,0,0,15700,0,0,0,0,0,0,0,0,0,0,0,0
37978,10,32,58.16,5.2725,87.574,1346.9,1.99E+05,1.26E+05,1.43E+05,1.95E+05,1.93E+05,1.40E+05,1.56E+05,2.41E+05,42600,8390,8280,0,8060,0,0,0,0,0,0,0,0,0,0,0,0,0,0,0
37979,10,32,59.16,5.3634,87.31,1346.1,90800,1.26E+05,1.61E+05,2.66E+05,1.41E+05,1.40E+05,2.61E+05,69000,76800,8420,0,0,0,0,0,0,0,0,0,0,0,0,0,0,0,0,0,0
37980,10,33,0.16,5.4427,87.008,1346,72900,1.27E+05,1.97E+05,2.49E+05,2.30E+05,2.28E+05,2.44E+05,69300,77100,59100,25000,8220,0,0,0,0,0,0,0,0,0,0,0,1180,0,0,0,0
37981,10,33,1.16,5.4388,86.994,1345.1,2.00E+05,90400,1.08E+05,1.43E+05,2.30E+05,1.76E+05,1.74E+05,1.21E+05,34300,25400,16700,8220,0,0,0,0,0,0,0,0,2720,0,0,0,0,0,0,0
37982,10,33,2.16,5.3851,86.877,1345.4,1.46E+05,2.17E+05,2.16E+05,1.61E+05,1.77E+05,3.52E+05,2.62E+05,1.91E+05,77200,16900,8350,8230,0,0,0,0,0,0,0,0,0,1310,0,0,0,0,0,0
37983,10,33,3.16,5.3905,86.691,1345.2,1.28E+05,90700,1.62E+05,1.43E+05,3.73E+05,2.47E+05,2.63E+05,2.09E+05,1.29E+05,17000,16700,8250,0,0,0,0,0,0,0,0,0,0,0,0,0,0,0,0
37984,10,33,4.16,5.3978,86.33,1343.6,1.47E+05,1.82E+05,1.09E+05,2.87E+05,2.50E+05,3.01E+05,1.76E+05,2.44E+05,1.30E+05,51100,8400,0,0,0,7970,0,6160,0,0,0,0,1310,0,0,0,0,0,0
37985,10,33,5.16,5.3301,86.506,1343.9,1.65E+05,1.45E+05,2.53E+05,2.87E+05,2.85E+05,3.36E+05,3.16E+05,1.74E+05,94800,17000,8380,8270,8160,0,0,0,3070,2980,0,0,0,0,0,0,0,0,0,0
37986,10,33,6.16,5.3141,86.347,1344,1.65E+05,1.46E+05,1.45E+05,4.49E+05,4.99E+05,2.65E+05,4.04E+05,1.40E+05,1.29E+05,17000,8400,0,0,8070,0,0,6150,0,0,2810,0,0,0,0,0,0,0,0
37987,10,33,7.16,5.2857,86.679,1344,1.28E+05,1.81E+05,1.08E+05,3.76E+05,4.97E+05,3.53E+05,2.80E+05,1.74E+05,94600,50900,25100,8250,0,0,0,0,3070,0,0,0,2730,1310,0,0,0,0,0,0
37988,10,33,8.16,5.2893,86.467,1343.5,2.02E+05,2.18E+05,1.08E+05,3.41E+05,4.45E+05,3.71E+05,1.23E+05,1.92E+05,60300,25500,8390,0,0,0,15900,0,3070,0,0,2810,0,0,0,1190,0,0,0,0
37989,10,33,9.16,5.2681,86.404,1343.1,1.65E+05,2.00E+05,2.35E+05,1.79E+05,3.74E+05,3.54E+05,3.34E+05,1.39E+05,1.81E+05,34000,16800,16600,8170,0,0,0,0,0,0,0,0,0,0,0,0,0,0,0
37990,10,33,10.16,5.3098,86.291,1342.7,1.65E+05,91100,2.17E+05,1.98E+05,4.82E+05,2.66E+05,2.29E+05,1.57E+05,51800,34100,8400,8290,8180,0,0,0,0,2990,0,0,0,0,0,0,0,0,0,0
37991,10,33,11.16,5.3099,86.168,1342.9,1.47E+05,2.37E+05,90600,2.70E+05,3.04E+05,4.97E+05,3.52E+05,1.92E+05,1.38E+05,8530,8420,8300,0,0,0,7880,0,0,2900,0,0,0,0,0,0,0,0,0
37992,10,33,12.16,5.3201,86.053,1342.8,1.66E+05,1.83E+05,2.54E+05,2.34E+05,4.29E+05,3.91E+05,2.29E+05,87500,43300,34200,0,8310,8200,0,7990,0,0,0,0,0,0,0,1250,0,0,0,0,0
37993,10,33,13.16,5.355,86.37,1342.8,2.39E+05,2.91E+05,1.81E+05,1.08E+05,3.74E+05,3.36E+05,3.34E+05,1.57E+05,60400,25500,25200,16600,0,8070,0,0,0,0,0,2810,0,0,0,0,0,0,0,0
37994,10,33,14.16,5.4279,86.306,1343.8,73400,2.19E+05,1.63E+05,3.59E+05,4.10E+05,4.43E+05,2.99E+05,1.75E+05,86400,34100,8400,0,0,8070,0,7870,6160,0,0,0,0,0,0,0,0,0,0,0
37995,10,33,15.16,5.4104,86.681,1344.5,2.01E+05,2.00E+05,1.62E+05,2.32E+05,3.02E+05,3.53E+05,2.98E+05,1.22E+05,68800,25400,8370,0,8140,0,0,0,0,0,0,0,0,0,0,0,0,0,0,0
37996,10,33,16.16,5.3931,86.596,1345.1,1.28E+05,2.36E+05,2.16E+05,3.04E+05,3.73E+05,6.35E+05,3.68E+05,1.57E+05,77500,17000,16700,0,0,8050,0,0,3070,0,0,2810,0,0,0,0,0,0,0,0
37997,10,33,17.16,5.3606,86.644,1346.3,2.01E+05,2.72E+05,4.33E+05,3.76E+05,4.80E+05,6.17E+05,3.33E+05,2.78E+05,43000,8480,0,8260,8150,8040,0,7840,3070,0,0,0,0,0,0,0,0,0,0,0
37998,10,33,18.16,5.3032,86.644,1346.6,2.19E+05,5.45E+05,3.60E+05,6.62E+05,5.68E+05,7.58E+05,2.80E+05,1.74E+05,60200,25500,8370,16500,0,8040,15900,0,0,2970,0,0,0,0,0,0,0,0,0,0
37999,10,33,19.16,5.272,87.123,1347.6,1.27E+05,2.35E+05,2.33E+05,4.80E+05,7.60E+05,5.61E+05,2.26E+05,1.90E+05,77000,25300,0,0,0,0,0,0,0,0,0,0,0,0,0,0,0,0,0,0
38000,10,33,20.16,5.3865,86.684,1347.7,1.10E+05,1.81E+05,3.06E+05,2.68E+05,7.81E+05,6.52E+05,4.38E+05,1.22E+05,60200,8480,0,8250,0,8040,0,7830,6130,2970,0,0,0,0,0,0,0,0,0,0
38001,10,33,21.16,5.3557,86.915,1347.1,2.37E+05,2.71E+05,2.52E+05,5.17E+05,8.68E+05,5.63E+05,1.92E+05,1.04E+05,60000,16900,8340,16500,0,16000,0,0,0,2960,0,0,0,0,0,0,0,0,0,0
38002,10,33,22.16,5.3213,86.688,1347.4,2.38E+05,3.08E+05,2.88E+05,5.36E+05,8.70E+05,4.23E+05,2.45E+05,1.74E+05,60200,17000,8360,8250,8140,0,0,0,0,0,0,0,0,0,0,0,0,0,0,0
38003,10,33,23.16,5.2888,86.761,1347,2.01E+05,4.35E+05,2.70E+05,7.86E+05,1.03E+06,4.76E+05,4.37E+05,2.26E+05,68700,0,25100,24700,8140,0,7930,0,6130,0,0,0,0,0,0,0,0,0,0,0
38004,10,33,24.16,5.2579,87.172,1347.2,2.18E+05,4.33E+05,4.12E+05,8.71E+05,1.13E+06,5.43E+05,4.35E+05,2.94E+05,68400,33700,8320,0,0,0,0,0,3050,0,0,0,2710,0,0,0,0,0,0,0
38005,10,33,25.16,5.2475,87.962,1345.9,2.34E+05,2.68E+05,4.08E+05,7.23E+05,8.40E+05,3.30E+05,3.79E+05,2.23E+05,42400,8360,8240,0,8030,0,0,0,0,0,0,0,0,0,0,0,0,0,0,0
38006,10,33,26.16,5.3053,87.105,1346.4,2.73E+05,3.97E+05,3.76E+05,5.87E+05,9.01E+05,6.14E+05,5.05E+05,2.25E+05,1.03E+05,0,16600,0,8100,8000,0,0,3050,5920,0,0,2710,1300,0,0,0,0,0,0
38007,10,33,27.16,5.2465,87.016,1346.3,4.01E+05,2.53E+05,5.74E+05,7.13E+05,6.19E+05,6.15E+05,5.06E+05,2.42E+05,85700,33800,0,24700,0,0,7900,0,0,0,0,0,0,0,0,0,0,0,0,0
38008,10,33,28.16,5.279,86.732,1344.4,3.11E+05,4.17E+05,4.32E+05,4.83E+05,7.10E+05,4.58E+05,6.30E+05,3.47E+05,1.03E+05,8480,8360,8250,0,0,0,0,0,0,0,0,0,0,0,0,0,0,0,0
38009,10,33,29.16,5.239,86.95,1344.1,2.92E+05,3.08E+05,3.59E+05,7.67E+05,6.73E+05,5.27E+05,2.97E+05,2.25E+05,1.89E+05,8450,0,8230,0,0,0,0,0,0,0,0,0,0,0,0,0,0,0,0
38010,10,33,30.16,5.3238,85.687,1344.5,1.85E+05,4.96E+05,2.92E+05,6.69E+05,7.01E+05,3.57E+05,3.36E+05,2.46E+05,1.91E+05,17200,8460,0,0,8130,8030,0,3100,0,0,0,0,0,0,0,0,0,0,0
38011,10,33,31.16,5.2657,86.787,1344,2.74E+05,2.72E+05,6.30E+05,8.40E+05,9.75E+05,2.29E+05,4.02E+05,3.47E+05,2.40E+05,76200,8360,8240,0,0,7930,7820,6120,2970,0,0,0,0,0,0,0,0,0,0
38012,10,33,32.16,5.1753,88.379,1343.3,2.69E+05,4.09E+05,5.48E+05,7.89E+05,5.57E+05,3.80E+05,2.92E+05,2.90E+05,1.60E+05,33300,16400,16200,7990,0,0,0,0,0,0,0,0,0,0,0,0,0,0,0
38013,10,33,33.16,5.211,87.57,1343.6,2.71E+05,5.93E+05,6.06E+05,9.91E+05,7.21E+05,3.84E+05,3.64E+05,1.89E+05,2.04E+05,16800,0,0,0,7960,0,0,0,0,0,2780,2700,0,0,0,0,0,0,0
38014,10,33,34.16,5.2257,87.303,1344,2.18E+05,6.13E+05,8.05E+05,7.28E+05,4.23E+05,4.73E+05,1.56E+05,3.11E+05,76800,8420,8310,0,8090,0,0,0,0,0,0,0,0,0,0,0,0,0,0,0
38015,10,33,35.16,5.2419,87.156,1344.4,4.36E+05,7.76E+05,6.81E+05,6.40E+05,5.30E+05,3.16E+05,2.79E+05,3.63E+05,1.11E+05,16900,16600,0,16200,0,0,7790,3050,0,0,0,0,0,0,0,0,0,0,0
38016,10,33,36.16,5.1544,87.822,1345.6,3.25E+05,6.63E+05,8.71E+05,8.65E+05,5.61E+05,4.35E+05,2.42E+05,2.06E+05,1.87E+05,25100,8260,0,0,0,0,0,3030,0,0,2770,0,0,0,0,0,0,0,0
38017,10,33,37.16,5.2815,87.058,1345.1,3.82E+05,7.05E+05,6.64E+05,6.23E+05,7.07E+05,4.04E+05,3.83E+05,2.08E+05,1.28E+05,8440,0,0,8110,0,0,7800,3050,2960,0,5580,0,0,0,0,0,0,0,0
38018,10,33,38.16,5.2324,87.826,1346.5,3.25E+05,5.55E+05,7.47E+05,8.65E+05,7.01E+05,2.78E+05,2.25E+05,4.46E+05,1.61E+05,25100,0,8150,0,0,0,0,0,2930,0,0,0,0,0,0,0,0,0,0
38019,10,33,39.16,5.2372,87.857,1347,4.87E+05,4.12E+05,7.47E+05,9.53E+05,5.61E+05,2.96E+05,3.28E+05,2.57E+05,1.27E+05,33500,16500,0,0,0,0,0,0,2930,0,0,2690,0,0,0,0,0,0,0
38020,10,33,40.16,5.3063,87.601,1346.9,3.44E+05,4.67E+05,9.80E+05,7.96E+05,5.10E+05,4.36E+05,3.29E+05,2.41E+05,1.19E+05,25200,0,8170,0,7950,23600,0,0,5880,0,2770,0,0,0,0,0,0,0,0
38021,10,33,41.16,5.3789,86.851,1347,2.74E+05,5.07E+05,9.53E+05,9.82E+05,4.78E+05,2.46E+05,1.92E+05,1.91E+05,1.20E+05,25400,8350,0,0,0,0,0,3060,0,0,0,0,0,0,0,0,0,0,0
38022,10,33,42.16,5.4164,86.396,1346.1,2.93E+05,6.19E+05,6.51E+05,9.69E+05,4.28E+05,2.83E+05,2.99E+05,2.09E+05,1.47E+05,17000,8390,8280,0,8060,0,7860,0,0,0,0,2740,0,0,0,0,0,0,0
38023,10,33,43.16,5.3859,86.326,1345.7,3.49E+05,4.56E+05,8.32E+05,7.00E+05,4.46E+05,2.66E+05,2.99E+05,3.49E+05,1.12E+05,51100,0,16600,0,0,0,0,0,0,0,5630,0,1310,0,0,0,0,0,0
38024,10,33,44.16,5.3024,87.234,1345.3,2.91E+05,4.69E+05,4.83E+05,8.53E+05,4.94E+05,3.50E+05,3.65E+05,2.76E+05,76900,16900,8310,0,0,0,0,0,0,0,0,0,0,0,0,0,0,0,0,0
38025,10,33,45.16,5.25,87.767,1345.3,3.61E+05,6.45E+05,6.58E+05,7.24E+05,4.03E+05,4.53E+05,2.94E+05,1.89E+05,76400,8380,0,8150,0,0,0,15500,0,0,0,0,0,1290,0,0,0,0,0,0
38026,10,33,46.16,5.2735,87.911,1345.8,4.51E+05,7.87E+05,8.17E+05,9.17E+05,3.68E+05,2.26E+05,2.59E+05,1.54E+05,1.02E+05,16700,0,8140,8030,0,0,0,0,0,0,8290,0,0,0,0,0,0,0,0
38027,10,33,47.16,5.2837,88.142,1346.4,3.96E+05,7.50E+05,6.38E+05,5.45E+05,2.62E+05,2.77E+05,2.75E+05,2.91E+05,67700,0,0,0,0,0,0,0,0,0,2840,0,0,0,0,0,0,0,0,0
38028,10,33,48.16,5.3541,87.847,1345.8,3.25E+05,4.66E+05,5.33E+05,5.47E+05,1.93E+05,2.09E+05,1.21E+05,2.40E+05,50900,0,0,0,0,7930,0,0,0,2930,0,0,0,0,0,0,0,0,0,0
38029,10,33,49.16,5.3493,87.992,1346.3,3.96E+05,4.83E+05,6.39E+05,5.81E+05,3.85E+05,2.60E+05,1.90E+05,1.54E+05,84700,25100,8240,0,0,7920,0,0,0,0,0,0,0,0,0,0,0,0,0,0
38030,10,33,50.16,5.3707,87.834,1346.2,3.25E+05,4.84E+05,5.51E+05,6.00E+05,5.43E+05,1.57E+05,2.42E+05,2.40E+05,17000,0,8260,8150,24100,0,0,0,3030,2930,0,2770,2690,0,0,0,0,0,0,0
38031,10,33,51.16,5.3461,87.895,1346.7,3.07E+05,5.73E+05,4.44E+05,5.82E+05,4.38E+05,1.91E+05,3.62E+05,2.06E+05,59400,0,8250,0,0,0,0,0,0,2930,0,0,0,0,0,0,0,0,0,0
38032,10,33,52.16,5.3075,88.355,1347.4,2.51E+05,3.92E+05,4.77E+05,7.19E+05,4.70E+05,3.98E+05,2.75E+05,2.39E+05,75900,8320,8210,0,0,0,0,0,0,0,0,0,0,0,0,0,0,0,0,0
38033,10,33,53.16,5.2919,88.462,1348.1,3.22E+05,5.51E+05,5.30E+05,5.61E+05,4.35E+05,3.97E+05,85800,1.19E+05,59000,16600,0,0,7980,0,0,0,3000,0,0,0,0,0,0,0,0,0,0,0
38034,10,33,54.16,5.21,88.662,1347.8,3.40E+05,6.39E+05,6.34E+05,6.99E+05,4.51E+05,2.93E+05,1.20E+05,1.53E+05,75700,0,0,0,0,0,0,0,3000,0,0,2740,0,0,0,0,0,0,0,0
38035,10,33,55.16,5.1306,88.765,1348.6,3.39E+05,5.49E+05,5.98E+05,9.08E+05,3.12E+05,1.55E+05,1.03E+05,1.02E+05,67200,24800,0,0,0,0,0,0,0,0,0,0,0,0,0,0,0,0,0,0
38036,10,33,56.16,5.0787,89.004,1349.1,3.20E+05,5.83E+05,5.61E+05,7.14E+05,2.94E+05,1.55E+05,68200,84600,50200,24800,0,0,0,0,0,0,0,0,0,0,0,0,0,0,0,0,0,0
38037,10,33,57.16,5.1142,88.783,1349.9,1.96E+05,5.85E+05,4.05E+05,4.71E+05,3.12E+05,1.20E+05,1.37E+05,1.70E+05,75600,16600,0,8060,0,0,0,0,0,0,0,0,0,0,0,0,0,0,0,0
38038,10,33,58.16,5.1775,88.693,1349.9,2.50E+05,4.43E+05,5.99E+05,4.54E+05,3.82E+05,1.55E+05,1.37E+05,2.04E+05,50400,16600,16400,8070,7960,0,0,0,3000,0,0,0,0,0,0,0,0,0,0,0
38039,10,33,59.16,5.2508,88.25,1349.8,3.95E+05,7.66E+05,2.12E+05,4.57E+05,3.31E+05,2.94E+05,2.58E+05,1.54E+05,92900,16700,0,16200,8000,0,0,0,0,0,0,2750,0,0,0,0,0,0,0,0
